"Match ID","Matchday","Finished","Kick-off Time","Home Team Score","Away Team Score","Difficulty For Home Team","Difficulty For Away Team","Home or Away","Team","Opponent","Team ID"
1,1,TRUE,"2024-08-16",1,0,3,3,"Home","Manchester United","Fulham",14
1,1,TRUE,"2024-08-16",1,0,3,3,"Away","Fulham","Manchester United",9
4,1,TRUE,"2024-08-17",0,2,5,2,"Home","Ipswich Town","Liverpool",10
4,1,TRUE,"2024-08-17",0,2,5,2,"Away","Liverpool","Ipswich Town",12
2,1,TRUE,"2024-08-17",2,0,2,5,"Home","Arsenal","Wolverhampton Wanderers",1
2,1,TRUE,"2024-08-17",2,0,2,5,"Away","Wolverhampton Wanderers","Arsenal",20
3,1,TRUE,"2024-08-17",0,3,3,3,"Home","Everton","Brighton & Hove Albion",8
3,1,TRUE,"2024-08-17",0,3,3,3,"Away","Brighton & Hove Albion","Everton",5
5,1,TRUE,"2024-08-17",1,0,2,4,"Home","Newcastle United","Southampton",15
5,1,TRUE,"2024-08-17",1,0,2,4,"Away","Southampton","Newcastle United",17
6,1,TRUE,"2024-08-17",1,1,3,3,"Home","Nottingham Forest","AFC Bournemouth",16
6,1,TRUE,"2024-08-17",1,1,3,3,"Away","AFC Bournemouth","Nottingham Forest",3
7,1,TRUE,"2024-08-17",1,2,3,2,"Home","West Ham United","Aston Villa",19
7,1,TRUE,"2024-08-17",1,2,3,2,"Away","Aston Villa","West Ham United",2
8,1,TRUE,"2024-08-18",2,1,3,4,"Home","Brentford","Crystal Palace",4
8,1,TRUE,"2024-08-18",2,1,3,4,"Away","Crystal Palace","Brentford",7
9,1,TRUE,"2024-08-18",0,2,4,4,"Home","Chelsea","Manchester City",6
9,1,TRUE,"2024-08-18",0,2,4,4,"Away","Manchester City","Chelsea",13
10,1,TRUE,"2024-08-19",1,1,4,2,"Home","Leicester City","Tottenham Hotspur",11
10,1,TRUE,"2024-08-19",1,1,4,2,"Away","Tottenham Hotspur","Leicester City",18
13,2,TRUE,"2024-08-24",2,1,3,3,"Home","Brighton & Hove Albion","Manchester United",5
13,2,TRUE,"2024-08-24",2,1,3,3,"Away","Manchester United","Brighton & Hove Albion",14
14,2,TRUE,"2024-08-24",0,2,2,3,"Home","Crystal Palace","West Ham United",7
14,2,TRUE,"2024-08-24",0,2,2,3,"Away","West Ham United","Crystal Palace",19
15,2,TRUE,"2024-08-24",2,1,2,3,"Home","Fulham","Leicester City",9
15,2,TRUE,"2024-08-24",2,1,2,3,"Away","Leicester City","Fulham",11
17,2,TRUE,"2024-08-24",4,1,2,4,"Home","Manchester City","Ipswich Town",13
17,2,TRUE,"2024-08-24",4,1,2,4,"Away","Ipswich Town","Manchester City",10
18,2,TRUE,"2024-08-24",0,1,3,2,"Home","Southampton","Nottingham Forest",17
18,2,TRUE,"2024-08-24",0,1,3,2,"Away","Nottingham Forest","Southampton",16
19,2,TRUE,"2024-08-24",4,0,2,4,"Home","Tottenham Hotspur","Everton",18
19,2,TRUE,"2024-08-24",4,0,2,4,"Away","Everton","Tottenham Hotspur",8
11,2,TRUE,"2024-08-24",0,2,4,4,"Home","Aston Villa","Arsenal",2
11,2,TRUE,"2024-08-24",0,2,4,4,"Away","Arsenal","Aston Villa",1
12,2,TRUE,"2024-08-25",1,1,3,3,"Home","AFC Bournemouth","Newcastle United",3
12,2,TRUE,"2024-08-25",1,1,3,3,"Away","Newcastle United","AFC Bournemouth",15
20,2,TRUE,"2024-08-25",2,6,4,2,"Home","Wolverhampton Wanderers","Chelsea",20
20,2,TRUE,"2024-08-25",2,6,4,2,"Away","Chelsea","Wolverhampton Wanderers",6
16,2,TRUE,"2024-08-25",2,0,2,5,"Home","Liverpool","Brentford",12
16,2,TRUE,"2024-08-25",2,0,2,5,"Away","Brentford","Liverpool",4
21,3,TRUE,"2024-08-31",1,1,3,5,"Home","Arsenal","Brighton & Hove Albion",1
21,3,TRUE,"2024-08-31",1,1,3,5,"Away","Brighton & Hove Albion","Arsenal",5
22,3,TRUE,"2024-08-31",3,1,2,4,"Home","Brentford","Southampton",4
22,3,TRUE,"2024-08-31",3,1,2,4,"Away","Southampton","Brentford",17
24,3,TRUE,"2024-08-31",2,3,3,3,"Home","Everton","AFC Bournemouth",8
24,3,TRUE,"2024-08-31",2,3,3,3,"Away","AFC Bournemouth","Everton",3
25,3,TRUE,"2024-08-31",1,1,3,2,"Home","Ipswich Town","Fulham",10
25,3,TRUE,"2024-08-31",1,1,3,2,"Away","Fulham","Ipswich Town",9
26,3,TRUE,"2024-08-31",1,2,3,2,"Home","Leicester City","Aston Villa",11
26,3,TRUE,"2024-08-31",1,2,3,2,"Away","Aston Villa","Leicester City",2
29,3,TRUE,"2024-08-31",1,1,2,3,"Home","Nottingham Forest","Wolverhampton Wanderers",16
29,3,TRUE,"2024-08-31",1,1,2,3,"Away","Wolverhampton Wanderers","Nottingham Forest",20
30,3,TRUE,"2024-08-31",1,3,4,2,"Home","West Ham United","Manchester City",19
30,3,TRUE,"2024-08-31",1,3,4,2,"Away","Manchester City","West Ham United",13
23,3,TRUE,"2024-09-01",1,1,3,4,"Home","Chelsea","Crystal Palace",6
23,3,TRUE,"2024-09-01",1,1,3,4,"Away","Crystal Palace","Chelsea",7
28,3,TRUE,"2024-09-01",2,1,4,4,"Home","Newcastle United","Tottenham Hotspur",15
28,3,TRUE,"2024-09-01",2,1,4,4,"Away","Tottenham Hotspur","Newcastle United",18
27,3,TRUE,"2024-09-01",0,3,5,3,"Home","Manchester United","Liverpool",14
27,3,TRUE,"2024-09-01",0,3,5,3,"Away","Liverpool","Manchester United",12
38,4,TRUE,"2024-09-14",0,3,3,2,"Home","Southampton","Manchester United",17
38,4,TRUE,"2024-09-14",0,3,3,2,"Away","Manchester United","Southampton",14
33,4,TRUE,"2024-09-14",0,0,2,3,"Home","Brighton & Hove Albion","Ipswich Town",5
33,4,TRUE,"2024-09-14",0,0,2,3,"Away","Ipswich Town","Brighton & Hove Albion",10
34,4,TRUE,"2024-09-14",2,2,2,3,"Home","Crystal Palace","Leicester City",7
34,4,TRUE,"2024-09-14",2,2,2,3,"Away","Leicester City","Crystal Palace",11
35,4,TRUE,"2024-09-14",1,1,2,3,"Home","Fulham","West Ham United",9
35,4,TRUE,"2024-09-14",1,1,2,3,"Away","West Ham United","Fulham",19
36,4,TRUE,"2024-09-14",0,1,3,5,"Home","Liverpool","Nottingham Forest",12
36,4,TRUE,"2024-09-14",0,1,3,5,"Away","Nottingham Forest","Liverpool",16
37,4,TRUE,"2024-09-14",2,1,2,4,"Home","Manchester City","Brentford",13
37,4,TRUE,"2024-09-14",2,1,2,4,"Away","Brentford","Manchester City",4
31,4,TRUE,"2024-09-14",3,2,2,4,"Home","Aston Villa","Everton",2
31,4,TRUE,"2024-09-14",3,2,2,4,"Away","Everton","Aston Villa",8
32,4,TRUE,"2024-09-14",0,1,4,3,"Home","AFC Bournemouth","Chelsea",3
32,4,TRUE,"2024-09-14",0,1,4,3,"Away","Chelsea","AFC Bournemouth",6
39,4,TRUE,"2024-09-15",0,1,4,4,"Home","Tottenham Hotspur","Arsenal",18
39,4,TRUE,"2024-09-15",0,1,4,4,"Away","Arsenal","Tottenham Hotspur",1
40,4,TRUE,"2024-09-15",1,2,3,2,"Home","Wolverhampton Wanderers","Newcastle United",20
40,4,TRUE,"2024-09-15",1,2,3,2,"Away","Newcastle United","Wolverhampton Wanderers",15
50,5,TRUE,"2024-09-21",0,3,4,2,"Home","West Ham United","Chelsea",19
50,5,TRUE,"2024-09-21",0,3,4,2,"Away","Chelsea","West Ham United",6
41,5,TRUE,"2024-09-21",3,1,2,4,"Home","Aston Villa","Wolverhampton Wanderers",2
41,5,TRUE,"2024-09-21",3,1,2,4,"Away","Wolverhampton Wanderers","Aston Villa",20
44,5,TRUE,"2024-09-21",3,1,3,3,"Home","Fulham","Newcastle United",9
44,5,TRUE,"2024-09-21",3,1,3,3,"Away","Newcastle United","Fulham",15
45,5,TRUE,"2024-09-21",1,1,2,2,"Home","Leicester City","Everton",11
45,5,TRUE,"2024-09-21",1,1,2,2,"Away","Everton","Leicester City",8
46,5,TRUE,"2024-09-21",3,0,3,5,"Home","Liverpool","AFC Bournemouth",12
46,5,TRUE,"2024-09-21",3,0,3,5,"Away","AFC Bournemouth","Liverpool",3
48,5,TRUE,"2024-09-21",1,1,2,2,"Home","Southampton","Ipswich Town",17
48,5,TRUE,"2024-09-21",1,1,2,2,"Away","Ipswich Town","Southampton",10
49,5,TRUE,"2024-09-21",3,1,2,4,"Home","Tottenham Hotspur","Brentford",18
49,5,TRUE,"2024-09-21",3,1,2,4,"Away","Brentford","Tottenham Hotspur",4
43,5,TRUE,"2024-09-21",0,0,3,3,"Home","Crystal Palace","Manchester United",7
43,5,TRUE,"2024-09-21",0,0,3,3,"Away","Manchester United","Crystal Palace",14
42,5,TRUE,"2024-09-22",2,2,3,3,"Home","Brighton & Hove Albion","Nottingham Forest",5
42,5,TRUE,"2024-09-22",2,2,3,3,"Away","Nottingham Forest","Brighton & Hove Albion",16
47,5,TRUE,"2024-09-22",2,2,4,4,"Home","Manchester City","Arsenal",13
47,5,TRUE,"2024-09-22",2,2,4,4,"Away","Arsenal","Manchester City",1
58,6,TRUE,"2024-09-28",1,1,4,4,"Home","Newcastle United","Manchester City",15
58,6,TRUE,"2024-09-28",1,1,4,4,"Away","Manchester City","Newcastle United",13
51,6,TRUE,"2024-09-28",4,2,2,5,"Home","Arsenal","Leicester City",1
51,6,TRUE,"2024-09-28",4,2,2,5,"Away","Leicester City","Arsenal",11
53,6,TRUE,"2024-09-28",1,1,2,4,"Home","Brentford","West Ham United",4
53,6,TRUE,"2024-09-28",1,1,2,4,"Away","West Ham United","Brentford",19
54,6,TRUE,"2024-09-28",4,2,3,4,"Home","Chelsea","Brighton & Hove Albion",6
54,6,TRUE,"2024-09-28",4,2,3,4,"Away","Brighton & Hove Albion","Chelsea",5
55,6,TRUE,"2024-09-28",2,1,3,3,"Home","Everton","Crystal Palace",8
55,6,TRUE,"2024-09-28",2,1,3,3,"Away","Crystal Palace","Everton",7
59,6,TRUE,"2024-09-28",0,1,3,3,"Home","Nottingham Forest","Fulham",16
59,6,TRUE,"2024-09-28",0,1,3,3,"Away","Fulham","Nottingham Forest",9
60,6,TRUE,"2024-09-28",1,2,5,2,"Home","Wolverhampton Wanderers","Liverpool",20
60,6,TRUE,"2024-09-28",1,2,5,2,"Away","Liverpool","Wolverhampton Wanderers",12
56,6,TRUE,"2024-09-29",2,2,3,2,"Home","Ipswich Town","Aston Villa",10
56,6,TRUE,"2024-09-29",2,2,3,2,"Away","Aston Villa","Ipswich Town",2
57,6,TRUE,"2024-09-29",0,3,4,3,"Home","Manchester United","Tottenham Hotspur",14
57,6,TRUE,"2024-09-29",0,3,4,3,"Away","Tottenham Hotspur","Manchester United",18
52,6,TRUE,"2024-09-30",3,1,2,3,"Home","AFC Bournemouth","Southampton",3
52,6,TRUE,"2024-09-30",3,1,2,3,"Away","Southampton","AFC Bournemouth",17
66,7,TRUE,"2024-10-05",0,1,5,3,"Home","Crystal Palace","Liverpool",7
66,7,TRUE,"2024-10-05",0,1,5,3,"Away","Liverpool","Crystal Palace",12
61,7,TRUE,"2024-10-05",3,1,2,5,"Home","Arsenal","Southampton",1
61,7,TRUE,"2024-10-05",3,1,2,5,"Away","Southampton","Arsenal",17
63,7,TRUE,"2024-10-05",5,3,2,4,"Home","Brentford","Wolverhampton Wanderers",4
63,7,TRUE,"2024-10-05",5,3,2,4,"Away","Wolverhampton Wanderers","Brentford",20
68,7,TRUE,"2024-10-05",1,0,3,2,"Home","Leicester City","AFC Bournemouth",11
68,7,TRUE,"2024-10-05",1,0,3,2,"Away","AFC Bournemouth","Leicester City",3
69,7,TRUE,"2024-10-05",3,2,3,4,"Home","Manchester City","Fulham",13
69,7,TRUE,"2024-10-05",3,2,3,4,"Away","Fulham","Manchester City",9
70,7,TRUE,"2024-10-05",4,1,2,2,"Home","West Ham United","Ipswich Town",19
70,7,TRUE,"2024-10-05",4,1,2,2,"Away","Ipswich Town","West Ham United",10
67,7,TRUE,"2024-10-05",0,0,3,3,"Home","Everton","Newcastle United",8
67,7,TRUE,"2024-10-05",0,0,3,3,"Away","Newcastle United","Everton",15
62,7,TRUE,"2024-10-06",0,0,3,4,"Home","Aston Villa","Manchester United",2
62,7,TRUE,"2024-10-06",0,0,3,4,"Away","Manchester United","Aston Villa",14
65,7,TRUE,"2024-10-06",1,1,3,4,"Home","Chelsea","Nottingham Forest",6
65,7,TRUE,"2024-10-06",1,1,3,4,"Away","Nottingham Forest","Chelsea",16
64,7,TRUE,"2024-10-06",3,2,4,3,"Home","Brighton & Hove Albion","Tottenham Hotspur",5
64,7,TRUE,"2024-10-06",3,2,4,3,"Away","Tottenham Hotspur","Brighton & Hove Albion",18
79,8,TRUE,"2024-10-19",4,1,2,4,"Home","Tottenham Hotspur","West Ham United",18
79,8,TRUE,"2024-10-19",4,1,2,4,"Away","West Ham United","Tottenham Hotspur",19
72,8,TRUE,"2024-10-19",1,3,3,3,"Home","Fulham","Aston Villa",9
72,8,TRUE,"2024-10-19",1,3,3,3,"Away","Aston Villa","Fulham",2
75,8,TRUE,"2024-10-19",2,1,2,3,"Home","Manchester United","Brentford",14
75,8,TRUE,"2024-10-19",2,1,2,3,"Away","Brentford","Manchester United",4
76,8,TRUE,"2024-10-19",0,1,3,4,"Home","Newcastle United","Brighton & Hove Albion",15
76,8,TRUE,"2024-10-19",0,1,3,4,"Away","Brighton & Hove Albion","Newcastle United",5
78,8,TRUE,"2024-10-19",2,3,2,2,"Home","Southampton","Leicester City",17
78,8,TRUE,"2024-10-19",2,3,2,2,"Away","Leicester City","Southampton",11
73,8,TRUE,"2024-10-19",0,2,2,2,"Home","Ipswich Town","Everton",10
73,8,TRUE,"2024-10-19",0,2,2,2,"Away","Everton","Ipswich Town",8
71,8,TRUE,"2024-10-19",2,0,4,3,"Home","AFC Bournemouth","Arsenal",3
71,8,TRUE,"2024-10-19",2,0,4,3,"Away","Arsenal","AFC Bournemouth",1
80,8,TRUE,"2024-10-20",1,2,4,2,"Home","Wolverhampton Wanderers","Manchester City",20
80,8,TRUE,"2024-10-20",1,2,4,2,"Away","Manchester City","Wolverhampton Wanderers",13
74,8,TRUE,"2024-10-20",2,1,4,5,"Home","Liverpool","Chelsea",12
74,8,TRUE,"2024-10-20",2,1,4,5,"Away","Chelsea","Liverpool",6
77,8,TRUE,"2024-10-21",1,0,3,3,"Home","Nottingham Forest","Crystal Palace",16
77,8,TRUE,"2024-10-21",1,0,3,3,"Away","Crystal Palace","Nottingham Forest",7
88,9,TRUE,"2024-10-25",1,3,3,2,"Home","Leicester City","Nottingham Forest",11
88,9,TRUE,"2024-10-25",1,3,3,2,"Away","Nottingham Forest","Leicester City",16
82,9,TRUE,"2024-10-26",1,1,3,4,"Home","Aston Villa","AFC Bournemouth",2
82,9,TRUE,"2024-10-26",1,1,3,4,"Away","AFC Bournemouth","Aston Villa",3
83,9,TRUE,"2024-10-26",4,3,2,4,"Home","Brentford","Ipswich Town",4
83,9,TRUE,"2024-10-26",4,3,2,4,"Away","Ipswich Town","Brentford",10
84,9,TRUE,"2024-10-26",2,2,2,3,"Home","Brighton & Hove Albion","Wolverhampton Wanderers",5
84,9,TRUE,"2024-10-26",2,2,2,3,"Away","Wolverhampton Wanderers","Brighton & Hove Albion",20
89,9,TRUE,"2024-10-26",1,0,2,4,"Home","Manchester City","Southampton",13
89,9,TRUE,"2024-10-26",1,0,2,4,"Away","Southampton","Manchester City",17
87,9,TRUE,"2024-10-26",1,1,3,3,"Home","Everton","Fulham",8
87,9,TRUE,"2024-10-26",1,1,3,3,"Away","Fulham","Everton",9
85,9,TRUE,"2024-10-27",2,1,3,4,"Home","Chelsea","Newcastle United",6
85,9,TRUE,"2024-10-27",2,1,3,4,"Away","Newcastle United","Chelsea",15
86,9,TRUE,"2024-10-27",1,0,4,3,"Home","Crystal Palace","Tottenham Hotspur",7
86,9,TRUE,"2024-10-27",1,0,4,3,"Away","Tottenham Hotspur","Crystal Palace",18
90,9,TRUE,"2024-10-27",2,1,3,2,"Home","West Ham United","Manchester United",19
90,9,TRUE,"2024-10-27",2,1,3,2,"Away","Manchester United","West Ham United",14
81,9,TRUE,"2024-10-27",2,2,5,5,"Home","Arsenal","Liverpool",1
81,9,TRUE,"2024-10-27",2,2,5,5,"Away","Liverpool","Arsenal",12
96,10,TRUE,"2024-11-02",1,0,4,4,"Home","Newcastle United","Arsenal",15
96,10,TRUE,"2024-11-02",1,0,4,4,"Away","Arsenal","Newcastle United",1
91,10,TRUE,"2024-11-02",2,1,4,3,"Home","AFC Bournemouth","Manchester City",3
91,10,TRUE,"2024-11-02",2,1,4,3,"Away","Manchester City","AFC Bournemouth",13
93,10,TRUE,"2024-11-02",1,1,2,2,"Home","Ipswich Town","Leicester City",10
93,10,TRUE,"2024-11-02",1,1,2,2,"Away","Leicester City","Ipswich Town",11
94,10,TRUE,"2024-11-02",2,1,3,5,"Home","Liverpool","Brighton & Hove Albion",12
94,10,TRUE,"2024-11-02",2,1,3,5,"Away","Brighton & Hove Albion","Liverpool",5
97,10,TRUE,"2024-11-02",3,0,2,3,"Home","Nottingham Forest","West Ham United",16
97,10,TRUE,"2024-11-02",3,0,2,3,"Away","West Ham United","Nottingham Forest",19
98,10,TRUE,"2024-11-02",1,0,2,2,"Home","Southampton","Everton",17
98,10,TRUE,"2024-11-02",1,0,2,2,"Away","Everton","Southampton",8
100,10,TRUE,"2024-11-02",2,2,3,2,"Home","Wolverhampton Wanderers","Crystal Palace",20
100,10,TRUE,"2024-11-02",2,2,3,2,"Away","Crystal Palace","Wolverhampton Wanderers",7
99,10,TRUE,"2024-11-03",4,1,3,4,"Home","Tottenham Hotspur","Aston Villa",18
99,10,TRUE,"2024-11-03",4,1,3,4,"Away","Aston Villa","Tottenham Hotspur",2
95,10,TRUE,"2024-11-03",1,1,4,3,"Home","Manchester United","Chelsea",14
95,10,TRUE,"2024-11-03",1,1,4,3,"Away","Chelsea","Manchester United",6
92,10,TRUE,"2024-11-04",2,1,2,3,"Home","Fulham","Brentford",9
92,10,TRUE,"2024-11-04",2,1,2,3,"Away","Brentford","Fulham",4
101,11,TRUE,"2024-11-09",3,2,3,4,"Home","Brentford","AFC Bournemouth",4
101,11,TRUE,"2024-11-09",3,2,3,4,"Away","AFC Bournemouth","Brentford",3
104,11,TRUE,"2024-11-09",0,2,3,3,"Home","Crystal Palace","Fulham",7
104,11,TRUE,"2024-11-09",0,2,3,3,"Away","Fulham","Crystal Palace",9
109,11,TRUE,"2024-11-09",0,0,2,2,"Home","West Ham United","Everton",19
109,11,TRUE,"2024-11-09",0,0,2,2,"Away","Everton","West Ham United",8
110,11,TRUE,"2024-11-09",2,0,2,2,"Home","Wolverhampton Wanderers","Southampton",20
110,11,TRUE,"2024-11-09",2,0,2,2,"Away","Southampton","Wolverhampton Wanderers",17
102,11,TRUE,"2024-11-09",2,1,4,3,"Home","Brighton & Hove Albion","Manchester City",5
102,11,TRUE,"2024-11-09",2,1,4,3,"Away","Manchester City","Brighton & Hove Albion",13
105,11,TRUE,"2024-11-09",2,0,3,5,"Home","Liverpool","Aston Villa",12
105,11,TRUE,"2024-11-09",2,0,3,5,"Away","Aston Villa","Liverpool",2
106,11,TRUE,"2024-11-10",3,0,2,3,"Home","Manchester United","Leicester City",14
106,11,TRUE,"2024-11-10",3,0,2,3,"Away","Leicester City","Manchester United",11
107,11,TRUE,"2024-11-10",1,3,3,3,"Home","Nottingham Forest","Newcastle United",16
107,11,TRUE,"2024-11-10",1,3,3,3,"Away","Newcastle United","Nottingham Forest",15
108,11,TRUE,"2024-11-10",1,2,2,4,"Home","Tottenham Hotspur","Ipswich Town",18
108,11,TRUE,"2024-11-10",1,2,2,4,"Away","Ipswich Town","Tottenham Hotspur",10
103,11,TRUE,"2024-11-10",1,1,4,4,"Home","Chelsea","Arsenal",6
103,11,TRUE,"2024-11-10",1,1,4,4,"Away","Arsenal","Chelsea",1
117,12,TRUE,"2024-11-23",1,2,4,2,"Home","Leicester City","Chelsea",11
117,12,TRUE,"2024-11-23",1,2,4,2,"Away","Chelsea","Leicester City",6
111,12,TRUE,"2024-11-23",3,0,3,5,"Home","Arsenal","Nottingham Forest",1
111,12,TRUE,"2024-11-23",3,0,3,5,"Away","Nottingham Forest","Arsenal",16
112,12,TRUE,"2024-11-23",2,2,3,4,"Home","Aston Villa","Crystal Palace",2
112,12,TRUE,"2024-11-23",2,2,3,4,"Away","Crystal Palace","Aston Villa",7
113,12,TRUE,"2024-11-23",1,2,3,3,"Home","AFC Bournemouth","Brighton & Hove Albion",3
113,12,TRUE,"2024-11-23",1,2,3,3,"Away","Brighton & Hove Albion","AFC Bournemouth",5
114,12,TRUE,"2024-11-23",0,0,2,3,"Home","Everton","Brentford",8
114,12,TRUE,"2024-11-23",0,0,2,3,"Away","Brentford","Everton",4
115,12,TRUE,"2024-11-23",1,4,2,3,"Home","Fulham","Wolverhampton Wanderers",9
115,12,TRUE,"2024-11-23",1,4,2,3,"Away","Wolverhampton Wanderers","Fulham",20
118,12,TRUE,"2024-11-23",0,4,4,4,"Home","Manchester City","Tottenham Hotspur",13
118,12,TRUE,"2024-11-23",0,4,4,4,"Away","Tottenham Hotspur","Manchester City",18
120,12,TRUE,"2024-11-24",2,3,5,2,"Home","Southampton","Liverpool",17
120,12,TRUE,"2024-11-24",2,3,5,2,"Away","Liverpool","Southampton",12
116,12,TRUE,"2024-11-24",1,1,3,2,"Home","Ipswich Town","Manchester United",10
116,12,TRUE,"2024-11-24",1,1,3,2,"Away","Manchester United","Ipswich Town",14
119,12,TRUE,"2024-11-25",0,2,2,4,"Home","Newcastle United","West Ham United",15
119,12,TRUE,"2024-11-25",0,2,2,4,"Away","West Ham United","Newcastle United",19
122,13,TRUE,"2024-11-29",1,1,2,3,"Home","Brighton & Hove Albion","Southampton",5
122,13,TRUE,"2024-11-29",1,1,2,3,"Away","Southampton","Brighton & Hove Albion",17
121,13,TRUE,"2024-11-30",4,1,2,4,"Home","Brentford","Leicester City",4
121,13,TRUE,"2024-11-30",4,1,2,4,"Away","Leicester City","Brentford",11
124,13,TRUE,"2024-11-30",1,1,3,3,"Home","Crystal Palace","Newcastle United",7
124,13,TRUE,"2024-11-30",1,1,3,3,"Away","Newcastle United","Crystal Palace",15
127,13,TRUE,"2024-11-30",1,0,2,3,"Home","Nottingham Forest","Ipswich Town",16
127,13,TRUE,"2024-11-30",1,0,2,3,"Away","Ipswich Town","Nottingham Forest",10
130,13,TRUE,"2024-11-30",2,4,3,2,"Home","Wolverhampton Wanderers","AFC Bournemouth",20
130,13,TRUE,"2024-11-30",2,4,3,2,"Away","AFC Bournemouth","Wolverhampton Wanderers",3
129,13,TRUE,"2024-11-30",2,5,4,2,"Home","West Ham United","Arsenal",19
129,13,TRUE,"2024-11-30",2,5,4,2,"Away","Arsenal","West Ham United",1
123,13,TRUE,"2024-12-01",3,0,3,4,"Home","Chelsea","Aston Villa",6
123,13,TRUE,"2024-12-01",3,0,3,4,"Away","Aston Villa","Chelsea",2
126,13,TRUE,"2024-12-01",4,0,2,3,"Home","Manchester United","Everton",14
126,13,TRUE,"2024-12-01",4,0,2,3,"Away","Everton","Manchester United",8
128,13,TRUE,"2024-12-01",1,1,3,4,"Home","Tottenham Hotspur","Fulham",18
128,13,TRUE,"2024-12-01",1,1,3,4,"Away","Fulham","Tottenham Hotspur",9
125,13,TRUE,"2024-12-01",2,0,4,5,"Home","Liverpool","Manchester City",12
125,13,TRUE,"2024-12-01",2,0,4,5,"Away","Manchester City","Liverpool",13
136,14,TRUE,"2024-12-03",0,1,3,2,"Home","Ipswich Town","Crystal Palace",10
136,14,TRUE,"2024-12-03",0,1,3,2,"Away","Crystal Palace","Ipswich Town",7
137,14,TRUE,"2024-12-03",3,1,2,2,"Home","Leicester City","West Ham United",11
137,14,TRUE,"2024-12-03",3,1,2,2,"Away","West Ham United","Leicester City",19
134,14,TRUE,"2024-12-04",4,0,2,3,"Home","Everton","Wolverhampton Wanderers",8
134,14,TRUE,"2024-12-04",4,0,2,3,"Away","Wolverhampton Wanderers","Everton",20
138,14,TRUE,"2024-12-04",3,0,3,4,"Home","Manchester City","Nottingham Forest",13
138,14,TRUE,"2024-12-04",3,0,3,4,"Away","Nottingham Forest","Manchester City",16
139,14,TRUE,"2024-12-04",3,3,5,4,"Home","Newcastle United","Liverpool",15
139,14,TRUE,"2024-12-04",3,3,5,4,"Away","Liverpool","Newcastle United",12
140,14,TRUE,"2024-12-04",1,5,4,2,"Home","Southampton","Chelsea",17
140,14,TRUE,"2024-12-04",1,5,4,2,"Away","Chelsea","Southampton",6
131,14,TRUE,"2024-12-04",2,0,3,5,"Home","Arsenal","Manchester United",1
131,14,TRUE,"2024-12-04",2,0,3,5,"Away","Manchester United","Arsenal",14
132,14,TRUE,"2024-12-04",3,1,2,4,"Home","Aston Villa","Brentford",2
132,14,TRUE,"2024-12-04",3,1,2,4,"Away","Brentford","Aston Villa",4
135,14,TRUE,"2024-12-05",3,1,3,3,"Home","Fulham","Brighton & Hove Albion",9
135,14,TRUE,"2024-12-05",3,1,3,3,"Away","Brighton & Hove Albion","Fulham",5
133,14,TRUE,"2024-12-05",1,0,4,3,"Home","AFC Bournemouth","Tottenham Hotspur",3
133,14,TRUE,"2024-12-05",1,0,4,3,"Away","Tottenham Hotspur","AFC Bournemouth",18
141,15,TRUE,"2024-12-07",1,0,2,4,"Home","Aston Villa","Southampton",2
141,15,TRUE,"2024-12-07",1,0,2,4,"Away","Southampton","Aston Villa",17
142,15,TRUE,"2024-12-07",4,2,3,4,"Home","Brentford","Newcastle United",4
142,15,TRUE,"2024-12-07",4,2,3,4,"Away","Newcastle United","Brentford",15
143,15,TRUE,"2024-12-07",2,2,4,3,"Home","Crystal Palace","Manchester City",7
143,15,TRUE,"2024-12-07",2,2,4,3,"Away","Manchester City","Crystal Palace",13
148,15,TRUE,"2024-12-07",2,3,3,3,"Home","Manchester United","Nottingham Forest",14
148,15,TRUE,"2024-12-07",2,3,3,3,"Away","Nottingham Forest","Manchester United",16
145,15,TRUE,"2024-12-08",1,1,4,3,"Home","Fulham","Arsenal",9
145,15,TRUE,"2024-12-08",1,1,4,3,"Away","Arsenal","Fulham",1
146,15,TRUE,"2024-12-08",1,2,3,2,"Home","Ipswich Town","AFC Bournemouth",10
146,15,TRUE,"2024-12-08",1,2,3,2,"Away","AFC Bournemouth","Ipswich Town",3
147,15,TRUE,"2024-12-08",2,2,3,2,"Home","Leicester City","Brighton & Hove Albion",11
147,15,TRUE,"2024-12-08",2,2,3,2,"Away","Brighton & Hove Albion","Leicester City",5
149,15,TRUE,"2024-12-08",3,4,4,4,"Home","Tottenham Hotspur","Chelsea",18
149,15,TRUE,"2024-12-08",3,4,4,4,"Away","Chelsea","Tottenham Hotspur",6
150,15,TRUE,"2024-12-09",2,1,2,2,"Home","West Ham United","Wolverhampton Wanderers",19
150,15,TRUE,"2024-12-09",2,1,2,2,"Away","Wolverhampton Wanderers","West Ham United",20
151,16,TRUE,"2024-12-14",0,0,2,5,"Home","Arsenal","Everton",1
151,16,TRUE,"2024-12-14",0,0,2,5,"Away","Everton","Arsenal",8
155,16,TRUE,"2024-12-14",2,2,3,5,"Home","Liverpool","Fulham",12
155,16,TRUE,"2024-12-14",2,2,3,5,"Away","Fulham","Liverpool",9
157,16,TRUE,"2024-12-14",4,0,2,4,"Home","Newcastle United","Leicester City",15
157,16,TRUE,"2024-12-14",4,0,2,4,"Away","Leicester City","Newcastle United",11
160,16,TRUE,"2024-12-14",1,2,2,2,"Home","Wolverhampton Wanderers","Ipswich Town",20
160,16,TRUE,"2024-12-14",1,2,2,2,"Away","Ipswich Town","Wolverhampton Wanderers",10
158,16,TRUE,"2024-12-14",2,1,3,3,"Home","Nottingham Forest","Aston Villa",16
158,16,TRUE,"2024-12-14",2,1,3,3,"Away","Aston Villa","Nottingham Forest",2
153,16,TRUE,"2024-12-15",1,3,3,3,"Home","Brighton & Hove Albion","Crystal Palace",5
153,16,TRUE,"2024-12-15",1,3,3,3,"Away","Crystal Palace","Brighton & Hove Albion",7
156,16,TRUE,"2024-12-15",1,2,3,4,"Home","Manchester City","Manchester United",13
156,16,TRUE,"2024-12-15",1,2,3,4,"Away","Manchester United","Manchester City",14
154,16,TRUE,"2024-12-15",2,1,2,4,"Home","Chelsea","Brentford",6
154,16,TRUE,"2024-12-15",2,1,2,4,"Away","Brentford","Chelsea",4
159,16,TRUE,"2024-12-15",0,5,4,2,"Home","Southampton","Tottenham Hotspur",17
159,16,TRUE,"2024-12-15",0,5,4,2,"Away","Tottenham Hotspur","Southampton",18
152,16,TRUE,"2024-12-16",1,1,2,3,"Home","AFC Bournemouth","West Ham United",3
152,16,TRUE,"2024-12-16",1,1,2,3,"Away","West Ham United","AFC Bournemouth",19
161,17,TRUE,"2024-12-21",2,1,4,4,"Home","Aston Villa","Manchester City",2
161,17,TRUE,"2024-12-21",2,1,4,4,"Away","Manchester City","Aston Villa",13
162,17,TRUE,"2024-12-21",0,2,3,4,"Home","Brentford","Nottingham Forest",4
162,17,TRUE,"2024-12-21",0,2,3,4,"Away","Nottingham Forest","Brentford",16
166,17,TRUE,"2024-12-21",0,4,3,2,"Home","Ipswich Town","Newcastle United",10
166,17,TRUE,"2024-12-21",0,4,3,2,"Away","Newcastle United","Ipswich Town",15
170,17,TRUE,"2024-12-21",1,1,3,2,"Home","West Ham United","Brighton & Hove Albion",19
170,17,TRUE,"2024-12-21",1,1,3,2,"Away","Brighton & Hove Albion","West Ham United",5
163,17,TRUE,"2024-12-21",1,5,4,3,"Home","Crystal Palace","Arsenal",7
163,17,TRUE,"2024-12-21",1,5,4,3,"Away","Arsenal","Crystal Palace",1
164,17,TRUE,"2024-12-22",0,0,4,3,"Home","Everton","Chelsea",8
164,17,TRUE,"2024-12-22",0,0,4,3,"Away","Chelsea","Everton",6
165,17,TRUE,"2024-12-22",0,0,2,3,"Home","Fulham","Southampton",9
165,17,TRUE,"2024-12-22",0,0,2,3,"Away","Southampton","Fulham",17
167,17,TRUE,"2024-12-22",0,3,2,2,"Home","Leicester City","Wolverhampton Wanderers",11
167,17,TRUE,"2024-12-22",0,3,2,2,"Away","Wolverhampton Wanderers","Leicester City",20
168,17,TRUE,"2024-12-22",0,3,3,3,"Home","Manchester United","AFC Bournemouth",14
168,17,TRUE,"2024-12-22",0,3,3,3,"Away","AFC Bournemouth","Manchester United",3
169,17,TRUE,"2024-12-22",3,6,5,4,"Home","Tottenham Hotspur","Liverpool",18
169,17,TRUE,"2024-12-22",3,6,5,4,"Away","Liverpool","Tottenham Hotspur",12
176,18,TRUE,"2024-12-26",1,1,2,4,"Home","Manchester City","Everton",13
176,18,TRUE,"2024-12-26",1,1,2,4,"Away","Everton","Manchester City",8
172,18,TRUE,"2024-12-26",0,0,3,3,"Home","AFC Bournemouth","Crystal Palace",3
172,18,TRUE,"2024-12-26",0,0,3,3,"Away","Crystal Palace","AFC Bournemouth",7
174,18,TRUE,"2024-12-26",1,2,3,4,"Home","Chelsea","Fulham",6
174,18,TRUE,"2024-12-26",1,2,3,4,"Away","Fulham","Chelsea",9
177,18,TRUE,"2024-12-26",3,0,3,4,"Home","Newcastle United","Aston Villa",15
177,18,TRUE,"2024-12-26",3,0,3,4,"Away","Aston Villa","Newcastle United",2
178,18,TRUE,"2024-12-26",1,0,4,3,"Home","Nottingham Forest","Tottenham Hotspur",16
178,18,TRUE,"2024-12-26",1,0,4,3,"Away","Tottenham Hotspur","Nottingham Forest",18
179,18,TRUE,"2024-12-26",0,1,2,2,"Home","Southampton","West Ham United",17
179,18,TRUE,"2024-12-26",0,1,2,2,"Away","West Ham United","Southampton",19
180,18,TRUE,"2024-12-26",2,0,3,2,"Home","Wolverhampton Wanderers","Manchester United",20
180,18,TRUE,"2024-12-26",2,0,3,2,"Away","Manchester United","Wolverhampton Wanderers",14
175,18,TRUE,"2024-12-26",3,1,2,5,"Home","Liverpool","Leicester City",12
175,18,TRUE,"2024-12-26",3,1,2,5,"Away","Leicester City","Liverpool",11
173,18,TRUE,"2024-12-27",0,0,2,3,"Home","Brighton & Hove Albion","Brentford",5
173,18,TRUE,"2024-12-27",0,0,2,3,"Away","Brentford","Brighton & Hove Albion",4
171,18,TRUE,"2024-12-27",1,0,2,5,"Home","Arsenal","Ipswich Town",1
171,18,TRUE,"2024-12-27",1,0,2,5,"Away","Ipswich Town","Arsenal",10
187,19,TRUE,"2024-12-29",0,2,4,2,"Home","Leicester City","Manchester City",11
187,19,TRUE,"2024-12-29",0,2,4,2,"Away","Manchester City","Leicester City",13
183,19,TRUE,"2024-12-29",2,1,2,3,"Home","Crystal Palace","Southampton",7
183,19,TRUE,"2024-12-29",2,1,2,3,"Away","Southampton","Crystal Palace",17
184,19,TRUE,"2024-12-29",0,2,3,3,"Home","Everton","Nottingham Forest",8
184,19,TRUE,"2024-12-29",0,2,3,3,"Away","Nottingham Forest","Everton",16
185,19,TRUE,"2024-12-29",2,2,3,3,"Home","Fulham","AFC Bournemouth",9
185,19,TRUE,"2024-12-29",2,2,3,3,"Away","AFC Bournemouth","Fulham",3
189,19,TRUE,"2024-12-29",2,2,2,4,"Home","Tottenham Hotspur","Wolverhampton Wanderers",18
189,19,TRUE,"2024-12-29",2,2,2,4,"Away","Wolverhampton Wanderers","Tottenham Hotspur",20
190,19,TRUE,"2024-12-29",0,5,5,2,"Home","West Ham United","Liverpool",19
190,19,TRUE,"2024-12-29",0,5,5,2,"Away","Liverpool","West Ham United",12
181,19,TRUE,"2024-12-30",2,2,3,4,"Home","Aston Villa","Brighton & Hove Albion",2
181,19,TRUE,"2024-12-30",2,2,3,4,"Away","Brighton & Hove Albion","Aston Villa",5
186,19,TRUE,"2024-12-30",2,0,4,2,"Home","Ipswich Town","Chelsea",10
186,19,TRUE,"2024-12-30",2,0,4,2,"Away","Chelsea","Ipswich Town",6
188,19,TRUE,"2024-12-30",0,2,3,3,"Home","Manchester United","Newcastle United",14
188,19,TRUE,"2024-12-30",0,2,3,3,"Away","Newcastle United","Manchester United",15
182,19,TRUE,"2025-01-01",1,3,4,4,"Home","Brentford","Arsenal",4
182,19,TRUE,"2025-01-01",1,3,4,4,"Away","Arsenal","Brentford",1
199,20,TRUE,"2025-01-04",1,2,3,4,"Home","Tottenham Hotspur","Newcastle United",18
199,20,TRUE,"2025-01-04",1,2,3,4,"Away","Newcastle United","Tottenham Hotspur",15
191,20,TRUE,"2025-01-04",2,1,2,4,"Home","Aston Villa","Leicester City",2
191,20,TRUE,"2025-01-04",2,1,2,4,"Away","Leicester City","Aston Villa",11
192,20,TRUE,"2025-01-04",1,0,2,3,"Home","AFC Bournemouth","Everton",3
192,20,TRUE,"2025-01-04",1,0,2,3,"Away","Everton","AFC Bournemouth",8
194,20,TRUE,"2025-01-04",1,1,4,3,"Home","Crystal Palace","Chelsea",7
194,20,TRUE,"2025-01-04",1,1,4,3,"Away","Chelsea","Crystal Palace",6
197,20,TRUE,"2025-01-04",4,1,2,4,"Home","Manchester City","West Ham United",13
197,20,TRUE,"2025-01-04",4,1,2,4,"Away","West Ham United","Manchester City",19
198,20,TRUE,"2025-01-04",0,5,2,2,"Home","Southampton","Brentford",17
198,20,TRUE,"2025-01-04",0,5,2,2,"Away","Brentford","Southampton",4
193,20,TRUE,"2025-01-04",1,1,4,3,"Home","Brighton & Hove Albion","Arsenal",5
193,20,TRUE,"2025-01-04",1,1,4,3,"Away","Arsenal","Brighton & Hove Albion",1
195,20,TRUE,"2025-01-05",2,2,2,3,"Home","Fulham","Ipswich Town",9
195,20,TRUE,"2025-01-05",2,2,2,3,"Away","Ipswich Town","Fulham",10
196,20,TRUE,"2025-01-05",2,2,3,5,"Home","Liverpool","Manchester United",12
196,20,TRUE,"2025-01-05",2,2,3,5,"Away","Manchester United","Liverpool",14
200,20,TRUE,"2025-01-06",0,3,3,2,"Home","Wolverhampton Wanderers","Nottingham Forest",20
200,20,TRUE,"2025-01-06",0,3,3,2,"Away","Nottingham Forest","Wolverhampton Wanderers",16
202,21,TRUE,"2025-01-14",2,2,4,4,"Home","Brentford","Manchester City",4
202,21,TRUE,"2025-01-14",2,2,4,4,"Away","Manchester City","Brentford",13
208,21,TRUE,"2025-01-14",2,2,3,4,"Home","Chelsea","AFC Bournemouth",6
208,21,TRUE,"2025-01-14",2,2,3,4,"Away","AFC Bournemouth","Chelsea",3
207,21,TRUE,"2025-01-14",3,2,3,2,"Home","West Ham United","Fulham",19
207,21,TRUE,"2025-01-14",3,2,3,2,"Away","Fulham","West Ham United",9
206,21,TRUE,"2025-01-14",1,1,5,3,"Home","Nottingham Forest","Liverpool",16
206,21,TRUE,"2025-01-14",1,1,5,3,"Away","Liverpool","Nottingham Forest",12
203,21,TRUE,"2025-01-15",0,1,3,3,"Home","Everton","Aston Villa",8
203,21,TRUE,"2025-01-15",0,1,3,3,"Away","Aston Villa","Everton",2
205,21,TRUE,"2025-01-15",0,2,3,2,"Home","Leicester City","Crystal Palace",11
205,21,TRUE,"2025-01-15",0,2,3,2,"Away","Crystal Palace","Leicester City",7
210,21,TRUE,"2025-01-15",3,0,2,4,"Home","Newcastle United","Wolverhampton Wanderers",15
210,21,TRUE,"2025-01-15",3,0,2,4,"Away","Wolverhampton Wanderers","Newcastle United",20
201,21,TRUE,"2025-01-15",2,1,4,5,"Home","Arsenal","Tottenham Hotspur",1
201,21,TRUE,"2025-01-15",2,1,4,5,"Away","Tottenham Hotspur","Arsenal",18
204,21,TRUE,"2025-01-16",0,2,3,2,"Home","Ipswich Town","Brighton & Hove Albion",10
204,21,TRUE,"2025-01-16",0,2,3,2,"Away","Brighton & Hove Albion","Ipswich Town",5
209,21,TRUE,"2025-01-16",3,1,2,3,"Home","Manchester United","Southampton",14
209,21,TRUE,"2025-01-16",3,1,2,3,"Away","Southampton","Manchester United",17
218,22,FALSE,"2025-01-18",NA,NA,3,4,"Home","Newcastle United","AFC Bournemouth",15
218,22,FALSE,"2025-01-18",NA,NA,3,4,"Away","AFC Bournemouth","Newcastle United",3
212,22,FALSE,"2025-01-18",NA,NA,5,4,"Home","Brentford","Liverpool",4
212,22,FALSE,"2025-01-18",NA,NA,5,4,"Away","Liverpool","Brentford",12
216,22,FALSE,"2025-01-18",NA,NA,3,2,"Home","Leicester City","Fulham",11
216,22,FALSE,"2025-01-18",NA,NA,3,2,"Away","Fulham","Leicester City",9
220,22,FALSE,"2025-01-18",NA,NA,3,2,"Home","West Ham United","Crystal Palace",19
220,22,FALSE,"2025-01-18",NA,NA,3,2,"Away","Crystal Palace","West Ham United",7
211,22,FALSE,"2025-01-18",NA,NA,3,5,"Home","Arsenal","Aston Villa",1
211,22,FALSE,"2025-01-18",NA,NA,3,5,"Away","Aston Villa","Arsenal",2
214,22,FALSE,"2025-01-19",NA,NA,4,3,"Home","Everton","Tottenham Hotspur",8
214,22,FALSE,"2025-01-19",NA,NA,4,3,"Away","Tottenham Hotspur","Everton",18
217,22,FALSE,"2025-01-19",NA,NA,3,3,"Home","Manchester United","Brighton & Hove Albion",14
217,22,FALSE,"2025-01-19",NA,NA,3,3,"Away","Brighton & Hove Albion","Manchester United",5
219,22,FALSE,"2025-01-19",NA,NA,2,3,"Home","Nottingham Forest","Southampton",16
219,22,FALSE,"2025-01-19",NA,NA,2,3,"Away","Southampton","Nottingham Forest",17
215,22,FALSE,"2025-01-19",NA,NA,4,2,"Home","Ipswich Town","Manchester City",10
215,22,FALSE,"2025-01-19",NA,NA,4,2,"Away","Manchester City","Ipswich Town",13
213,22,FALSE,"2025-01-20",NA,NA,2,4,"Home","Chelsea","Wolverhampton Wanderers",6
213,22,FALSE,"2025-01-20",NA,NA,2,4,"Away","Wolverhampton Wanderers","Chelsea",20
222,23,FALSE,"2025-01-25",NA,NA,3,3,"Home","AFC Bournemouth","Nottingham Forest",3
222,23,FALSE,"2025-01-25",NA,NA,3,3,"Away","Nottingham Forest","AFC Bournemouth",16
223,23,FALSE,"2025-01-25",NA,NA,2,3,"Home","Brighton & Hove Albion","Everton",5
223,23,FALSE,"2025-01-25",NA,NA,2,3,"Away","Everton","Brighton & Hove Albion",8
226,23,FALSE,"2025-01-25",NA,NA,2,5,"Home","Liverpool","Ipswich Town",12
226,23,FALSE,"2025-01-25",NA,NA,2,5,"Away","Ipswich Town","Liverpool",10
228,23,FALSE,"2025-01-25",NA,NA,3,2,"Home","Southampton","Newcastle United",17
228,23,FALSE,"2025-01-25",NA,NA,3,2,"Away","Newcastle United","Southampton",15
230,23,FALSE,"2025-01-25",NA,NA,4,2,"Home","Wolverhampton Wanderers","Arsenal",20
230,23,FALSE,"2025-01-25",NA,NA,4,2,"Away","Arsenal","Wolverhampton Wanderers",1
227,23,FALSE,"2025-01-25",NA,NA,4,4,"Home","Manchester City","Chelsea",13
227,23,FALSE,"2025-01-25",NA,NA,4,4,"Away","Chelsea","Manchester City",6
224,23,FALSE,"2025-01-26",NA,NA,2,3,"Home","Crystal Palace","Brentford",7
224,23,FALSE,"2025-01-26",NA,NA,2,3,"Away","Brentford","Crystal Palace",4
229,23,FALSE,"2025-01-26",NA,NA,2,4,"Home","Tottenham Hotspur","Leicester City",18
229,23,FALSE,"2025-01-26",NA,NA,2,4,"Away","Leicester City","Tottenham Hotspur",11
221,23,FALSE,"2025-01-26",NA,NA,2,4,"Home","Aston Villa","West Ham United",2
221,23,FALSE,"2025-01-26",NA,NA,2,4,"Away","West Ham United","Aston Villa",19
225,23,FALSE,"2025-01-26",NA,NA,3,3,"Home","Fulham","Manchester United",9
225,23,FALSE,"2025-01-26",NA,NA,3,3,"Away","Manchester United","Fulham",14
239,24,FALSE,"2025-02-01",NA,NA,3,3,"Home","Nottingham Forest","Brighton & Hove Albion",16
239,24,FALSE,"2025-02-01",NA,NA,3,3,"Away","Brighton & Hove Albion","Nottingham Forest",5
232,24,FALSE,"2025-02-01",NA,NA,5,3,"Home","AFC Bournemouth","Liverpool",3
232,24,FALSE,"2025-02-01",NA,NA,5,3,"Away","Liverpool","AFC Bournemouth",12
235,24,FALSE,"2025-02-01",NA,NA,2,3,"Home","Everton","Leicester City",8
235,24,FALSE,"2025-02-01",NA,NA,2,3,"Away","Leicester City","Everton",11
236,24,FALSE,"2025-02-01",NA,NA,2,2,"Home","Ipswich Town","Southampton",10
236,24,FALSE,"2025-02-01",NA,NA,2,2,"Away","Southampton","Ipswich Town",17
238,24,FALSE,"2025-02-01",NA,NA,3,4,"Home","Newcastle United","Fulham",15
238,24,FALSE,"2025-02-01",NA,NA,3,4,"Away","Fulham","Newcastle United",9
240,24,FALSE,"2025-02-01",NA,NA,3,2,"Home","Wolverhampton Wanderers","Aston Villa",20
240,24,FALSE,"2025-02-01",NA,NA,3,2,"Away","Aston Villa","Wolverhampton Wanderers",2
233,24,FALSE,"2025-02-02",NA,NA,4,4,"Home","Brentford","Tottenham Hotspur",4
233,24,FALSE,"2025-02-02",NA,NA,4,4,"Away","Tottenham Hotspur","Brentford",18
237,24,FALSE,"2025-02-02",NA,NA,3,3,"Home","Manchester United","Crystal Palace",14
237,24,FALSE,"2025-02-02",NA,NA,3,3,"Away","Crystal Palace","Manchester United",7
231,24,FALSE,"2025-02-02",NA,NA,4,5,"Home","Arsenal","Manchester City",1
231,24,FALSE,"2025-02-02",NA,NA,4,5,"Away","Manchester City","Arsenal",13
234,24,FALSE,"2025-02-03",NA,NA,2,4,"Home","Chelsea","West Ham United",6
234,24,FALSE,"2025-02-03",NA,NA,2,4,"Away","West Ham United","Chelsea",19
144,24,FALSE,"2025-02-12",NA,NA,5,3,"Home","Everton","Liverpool",8
144,24,FALSE,"2025-02-12",NA,NA,5,3,"Away","Liverpool","Everton",12
242,25,FALSE,"2025-02-14",NA,NA,4,3,"Home","Brighton & Hove Albion","Chelsea",5
242,25,FALSE,"2025-02-14",NA,NA,4,3,"Away","Chelsea","Brighton & Hove Albion",6
245,25,FALSE,"2025-02-15",NA,NA,4,2,"Home","Leicester City","Arsenal",11
245,25,FALSE,"2025-02-15",NA,NA,4,2,"Away","Arsenal","Leicester City",1
241,25,FALSE,"2025-02-15",NA,NA,2,4,"Home","Aston Villa","Ipswich Town",2
241,25,FALSE,"2025-02-15",NA,NA,2,4,"Away","Ipswich Town","Aston Villa",10
244,25,FALSE,"2025-02-15",NA,NA,3,3,"Home","Fulham","Nottingham Forest",9
244,25,FALSE,"2025-02-15",NA,NA,3,3,"Away","Nottingham Forest","Fulham",16
247,25,FALSE,"2025-02-15",NA,NA,3,4,"Home","Manchester City","Newcastle United",13
247,25,FALSE,"2025-02-15",NA,NA,3,4,"Away","Newcastle United","Manchester City",15
248,25,FALSE,"2025-02-15",NA,NA,3,2,"Home","Southampton","AFC Bournemouth",17
248,25,FALSE,"2025-02-15",NA,NA,3,2,"Away","AFC Bournemouth","Southampton",3
250,25,FALSE,"2025-02-15",NA,NA,2,2,"Home","West Ham United","Brentford",19
250,25,FALSE,"2025-02-15",NA,NA,2,2,"Away","Brentford","West Ham United",4
243,25,FALSE,"2025-02-15",NA,NA,2,3,"Home","Crystal Palace","Everton",7
243,25,FALSE,"2025-02-15",NA,NA,2,3,"Away","Everton","Crystal Palace",8
246,25,FALSE,"2025-02-16",NA,NA,2,5,"Home","Liverpool","Wolverhampton Wanderers",12
246,25,FALSE,"2025-02-16",NA,NA,2,5,"Away","Wolverhampton Wanderers","Liverpool",20
249,25,FALSE,"2025-02-16",NA,NA,3,4,"Home","Tottenham Hotspur","Manchester United",18
249,25,FALSE,"2025-02-16",NA,NA,3,4,"Away","Manchester United","Tottenham Hotspur",14
257,26,FALSE,"2025-02-21",NA,NA,2,2,"Home","Leicester City","Brentford",11
257,26,FALSE,"2025-02-21",NA,NA,2,2,"Away","Brentford","Leicester City",4
254,26,FALSE,"2025-02-22",NA,NA,3,3,"Home","Everton","Manchester United",8
254,26,FALSE,"2025-02-22",NA,NA,3,3,"Away","Manchester United","Everton",14
251,26,FALSE,"2025-02-22",NA,NA,2,5,"Home","Arsenal","West Ham United",1
251,26,FALSE,"2025-02-22",NA,NA,2,5,"Away","West Ham United","Arsenal",19
253,26,FALSE,"2025-02-22",NA,NA,2,3,"Home","AFC Bournemouth","Wolverhampton Wanderers",3
253,26,FALSE,"2025-02-22",NA,NA,2,3,"Away","Wolverhampton Wanderers","AFC Bournemouth",20
255,26,FALSE,"2025-02-22",NA,NA,3,3,"Home","Fulham","Crystal Palace",9
255,26,FALSE,"2025-02-22",NA,NA,3,3,"Away","Crystal Palace","Fulham",7
256,26,FALSE,"2025-02-22",NA,NA,4,2,"Home","Ipswich Town","Tottenham Hotspur",10
256,26,FALSE,"2025-02-22",NA,NA,4,2,"Away","Tottenham Hotspur","Ipswich Town",18
260,26,FALSE,"2025-02-22",NA,NA,3,2,"Home","Southampton","Brighton & Hove Albion",17
260,26,FALSE,"2025-02-22",NA,NA,3,2,"Away","Brighton & Hove Albion","Southampton",5
252,26,FALSE,"2025-02-22",NA,NA,4,4,"Home","Aston Villa","Chelsea",2
252,26,FALSE,"2025-02-22",NA,NA,4,4,"Away","Chelsea","Aston Villa",6
259,26,FALSE,"2025-02-23",NA,NA,3,4,"Home","Newcastle United","Nottingham Forest",15
259,26,FALSE,"2025-02-23",NA,NA,3,4,"Away","Nottingham Forest","Newcastle United",16
258,26,FALSE,"2025-02-23",NA,NA,5,4,"Home","Manchester City","Liverpool",13
258,26,FALSE,"2025-02-23",NA,NA,5,4,"Away","Liverpool","Manchester City",12
261,27,FALSE,"2025-02-25",NA,NA,2,4,"Home","Brentford","Everton",4
261,27,FALSE,"2025-02-25",NA,NA,2,4,"Away","Everton","Brentford",8
262,27,FALSE,"2025-02-25",NA,NA,3,3,"Home","Brighton & Hove Albion","AFC Bournemouth",5
262,27,FALSE,"2025-02-25",NA,NA,3,3,"Away","AFC Bournemouth","Brighton & Hove Albion",3
264,27,FALSE,"2025-02-25",NA,NA,4,3,"Home","Nottingham Forest","Arsenal",16
264,27,FALSE,"2025-02-25",NA,NA,4,3,"Away","Arsenal","Nottingham Forest",1
265,27,FALSE,"2025-02-25",NA,NA,4,4,"Home","Tottenham Hotspur","Manchester City",18
265,27,FALSE,"2025-02-25",NA,NA,4,4,"Away","Manchester City","Tottenham Hotspur",13
266,27,FALSE,"2025-02-25",NA,NA,2,2,"Home","West Ham United","Leicester City",19
266,27,FALSE,"2025-02-25",NA,NA,2,2,"Away","Leicester City","West Ham United",11
267,27,FALSE,"2025-02-25",NA,NA,3,2,"Home","Wolverhampton Wanderers","Fulham",20
267,27,FALSE,"2025-02-25",NA,NA,3,2,"Away","Fulham","Wolverhampton Wanderers",9
263,27,FALSE,"2025-02-25",NA,NA,3,3,"Home","Crystal Palace","Aston Villa",7
263,27,FALSE,"2025-02-25",NA,NA,3,3,"Away","Aston Villa","Crystal Palace",2
268,27,FALSE,"2025-02-26",NA,NA,2,4,"Home","Chelsea","Southampton",6
268,27,FALSE,"2025-02-26",NA,NA,2,4,"Away","Southampton","Chelsea",17
269,27,FALSE,"2025-02-26",NA,NA,3,5,"Home","Liverpool","Newcastle United",12
269,27,FALSE,"2025-02-26",NA,NA,3,5,"Away","Newcastle United","Liverpool",15
270,27,FALSE,"2025-02-26",NA,NA,2,3,"Home","Manchester United","Ipswich Town",14
270,27,FALSE,"2025-02-26",NA,NA,2,3,"Away","Ipswich Town","Manchester United",10
271,28,FALSE,"2025-03-08",NA,NA,3,4,"Home","Brentford","Aston Villa",4
271,28,FALSE,"2025-03-08",NA,NA,3,4,"Away","Aston Villa","Brentford",2
272,28,FALSE,"2025-03-08",NA,NA,3,3,"Home","Brighton & Hove Albion","Fulham",5
272,28,FALSE,"2025-03-08",NA,NA,3,3,"Away","Fulham","Brighton & Hove Albion",9
273,28,FALSE,"2025-03-08",NA,NA,2,4,"Home","Chelsea","Leicester City",6
273,28,FALSE,"2025-03-08",NA,NA,2,4,"Away","Leicester City","Chelsea",11
274,28,FALSE,"2025-03-08",NA,NA,2,3,"Home","Crystal Palace","Ipswich Town",7
274,28,FALSE,"2025-03-08",NA,NA,2,3,"Away","Ipswich Town","Crystal Palace",10
275,28,FALSE,"2025-03-08",NA,NA,2,5,"Home","Liverpool","Southampton",12
275,28,FALSE,"2025-03-08",NA,NA,2,5,"Away","Southampton","Liverpool",17
276,28,FALSE,"2025-03-08",NA,NA,4,3,"Home","Manchester United","Arsenal",14
276,28,FALSE,"2025-03-08",NA,NA,4,3,"Away","Arsenal","Manchester United",1
277,28,FALSE,"2025-03-08",NA,NA,4,3,"Home","Nottingham Forest","Manchester City",16
277,28,FALSE,"2025-03-08",NA,NA,4,3,"Away","Manchester City","Nottingham Forest",13
278,28,FALSE,"2025-03-08",NA,NA,3,4,"Home","Tottenham Hotspur","AFC Bournemouth",18
278,28,FALSE,"2025-03-08",NA,NA,3,4,"Away","AFC Bournemouth","Tottenham Hotspur",3
279,28,FALSE,"2025-03-08",NA,NA,3,2,"Home","West Ham United","Newcastle United",19
279,28,FALSE,"2025-03-08",NA,NA,3,2,"Away","Newcastle United","West Ham United",15
280,28,FALSE,"2025-03-08",NA,NA,2,2,"Home","Wolverhampton Wanderers","Everton",20
280,28,FALSE,"2025-03-08",NA,NA,2,2,"Away","Everton","Wolverhampton Wanderers",8
281,29,FALSE,"2025-03-15",NA,NA,4,5,"Home","Arsenal","Chelsea",1
281,29,FALSE,"2025-03-15",NA,NA,4,5,"Away","Chelsea","Arsenal",6
282,29,FALSE,"2025-03-15",NA,NA,5,4,"Home","Aston Villa","Liverpool",2
282,29,FALSE,"2025-03-15",NA,NA,5,4,"Away","Liverpool","Aston Villa",12
283,29,FALSE,"2025-03-15",NA,NA,2,3,"Home","AFC Bournemouth","Brentford",3
283,29,FALSE,"2025-03-15",NA,NA,2,3,"Away","Brentford","AFC Bournemouth",4
284,29,FALSE,"2025-03-15",NA,NA,2,3,"Home","Everton","West Ham United",8
284,29,FALSE,"2025-03-15",NA,NA,2,3,"Away","West Ham United","Everton",19
285,29,FALSE,"2025-03-15",NA,NA,4,3,"Home","Fulham","Tottenham Hotspur",9
285,29,FALSE,"2025-03-15",NA,NA,4,3,"Away","Tottenham Hotspur","Fulham",18
286,29,FALSE,"2025-03-15",NA,NA,3,2,"Home","Ipswich Town","Nottingham Forest",10
286,29,FALSE,"2025-03-15",NA,NA,3,2,"Away","Nottingham Forest","Ipswich Town",16
287,29,FALSE,"2025-03-15",NA,NA,3,2,"Home","Leicester City","Manchester United",11
287,29,FALSE,"2025-03-15",NA,NA,3,2,"Away","Manchester United","Leicester City",14
288,29,FALSE,"2025-03-15",NA,NA,3,4,"Home","Manchester City","Brighton & Hove Albion",13
288,29,FALSE,"2025-03-15",NA,NA,3,4,"Away","Brighton & Hove Albion","Manchester City",5
289,29,FALSE,"2025-03-15",NA,NA,3,4,"Home","Newcastle United","Crystal Palace",15
289,29,FALSE,"2025-03-15",NA,NA,3,4,"Away","Crystal Palace","Newcastle United",7
290,29,FALSE,"2025-03-15",NA,NA,2,2,"Home","Southampton","Wolverhampton Wanderers",17
290,29,FALSE,"2025-03-15",NA,NA,2,2,"Away","Wolverhampton Wanderers","Southampton",20
291,30,FALSE,"2025-04-01",NA,NA,3,5,"Home","Arsenal","Fulham",1
291,30,FALSE,"2025-04-01",NA,NA,3,5,"Away","Fulham","Arsenal",9
292,30,FALSE,"2025-04-01",NA,NA,2,3,"Home","AFC Bournemouth","Ipswich Town",3
292,30,FALSE,"2025-04-01",NA,NA,2,3,"Away","Ipswich Town","AFC Bournemouth",10
293,30,FALSE,"2025-04-01",NA,NA,3,3,"Home","Brighton & Hove Albion","Aston Villa",5
293,30,FALSE,"2025-04-01",NA,NA,3,3,"Away","Aston Villa","Brighton & Hove Albion",2
294,30,FALSE,"2025-04-01",NA,NA,3,3,"Home","Nottingham Forest","Manchester United",16
294,30,FALSE,"2025-04-01",NA,NA,3,3,"Away","Manchester United","Nottingham Forest",14
295,30,FALSE,"2025-04-01",NA,NA,2,2,"Home","Wolverhampton Wanderers","West Ham United",20
295,30,FALSE,"2025-04-01",NA,NA,2,2,"Away","West Ham United","Wolverhampton Wanderers",19
296,30,FALSE,"2025-04-02",NA,NA,4,4,"Home","Chelsea","Tottenham Hotspur",6
296,30,FALSE,"2025-04-02",NA,NA,4,4,"Away","Tottenham Hotspur","Chelsea",18
298,30,FALSE,"2025-04-02",NA,NA,2,4,"Home","Manchester City","Leicester City",13
298,30,FALSE,"2025-04-02",NA,NA,2,4,"Away","Leicester City","Manchester City",11
299,30,FALSE,"2025-04-02",NA,NA,2,4,"Home","Newcastle United","Brentford",15
299,30,FALSE,"2025-04-02",NA,NA,2,4,"Away","Brentford","Newcastle United",4
300,30,FALSE,"2025-04-02",NA,NA,3,2,"Home","Southampton","Crystal Palace",17
300,30,FALSE,"2025-04-02",NA,NA,3,2,"Away","Crystal Palace","Southampton",7
297,30,FALSE,"2025-04-02",NA,NA,2,5,"Home","Liverpool","Everton",12
297,30,FALSE,"2025-04-02",NA,NA,2,5,"Away","Everton","Liverpool",8
301,31,FALSE,"2025-04-05",NA,NA,3,4,"Home","Aston Villa","Nottingham Forest",2
301,31,FALSE,"2025-04-05",NA,NA,3,4,"Away","Nottingham Forest","Aston Villa",16
302,31,FALSE,"2025-04-05",NA,NA,4,4,"Home","Brentford","Chelsea",4
302,31,FALSE,"2025-04-05",NA,NA,4,4,"Away","Chelsea","Brentford",6
303,31,FALSE,"2025-04-05",NA,NA,3,3,"Home","Crystal Palace","Brighton & Hove Albion",7
303,31,FALSE,"2025-04-05",NA,NA,3,3,"Away","Brighton & Hove Albion","Crystal Palace",5
304,31,FALSE,"2025-04-05",NA,NA,4,3,"Home","Everton","Arsenal",8
304,31,FALSE,"2025-04-05",NA,NA,4,3,"Away","Arsenal","Everton",1
305,31,FALSE,"2025-04-05",NA,NA,5,3,"Home","Fulham","Liverpool",9
305,31,FALSE,"2025-04-05",NA,NA,5,3,"Away","Liverpool","Fulham",12
306,31,FALSE,"2025-04-05",NA,NA,2,2,"Home","Ipswich Town","Wolverhampton Wanderers",10
306,31,FALSE,"2025-04-05",NA,NA,2,2,"Away","Wolverhampton Wanderers","Ipswich Town",20
307,31,FALSE,"2025-04-05",NA,NA,3,2,"Home","Leicester City","Newcastle United",11
307,31,FALSE,"2025-04-05",NA,NA,3,2,"Away","Newcastle United","Leicester City",15
308,31,FALSE,"2025-04-05",NA,NA,4,3,"Home","Manchester United","Manchester City",14
308,31,FALSE,"2025-04-05",NA,NA,4,3,"Away","Manchester City","Manchester United",13
309,31,FALSE,"2025-04-05",NA,NA,2,4,"Home","Tottenham Hotspur","Southampton",18
309,31,FALSE,"2025-04-05",NA,NA,2,4,"Away","Southampton","Tottenham Hotspur",17
310,31,FALSE,"2025-04-05",NA,NA,3,2,"Home","West Ham United","AFC Bournemouth",19
310,31,FALSE,"2025-04-05",NA,NA,3,2,"Away","AFC Bournemouth","West Ham United",3
311,32,FALSE,"2025-04-12",NA,NA,2,5,"Home","Arsenal","Brentford",1
311,32,FALSE,"2025-04-12",NA,NA,2,5,"Away","Brentford","Arsenal",4
312,32,FALSE,"2025-04-12",NA,NA,3,3,"Home","AFC Bournemouth","Fulham",3
312,32,FALSE,"2025-04-12",NA,NA,3,3,"Away","Fulham","AFC Bournemouth",9
313,32,FALSE,"2025-04-12",NA,NA,2,3,"Home","Brighton & Hove Albion","Leicester City",5
313,32,FALSE,"2025-04-12",NA,NA,2,3,"Away","Leicester City","Brighton & Hove Albion",11
314,32,FALSE,"2025-04-12",NA,NA,2,4,"Home","Chelsea","Ipswich Town",6
314,32,FALSE,"2025-04-12",NA,NA,2,4,"Away","Ipswich Town","Chelsea",10
315,32,FALSE,"2025-04-12",NA,NA,2,5,"Home","Liverpool","West Ham United",12
315,32,FALSE,"2025-04-12",NA,NA,2,5,"Away","West Ham United","Liverpool",19
316,32,FALSE,"2025-04-12",NA,NA,3,4,"Home","Manchester City","Crystal Palace",13
316,32,FALSE,"2025-04-12",NA,NA,3,4,"Away","Crystal Palace","Manchester City",7
317,32,FALSE,"2025-04-12",NA,NA,3,4,"Home","Newcastle United","Manchester United",15
317,32,FALSE,"2025-04-12",NA,NA,3,4,"Away","Manchester United","Newcastle United",14
318,32,FALSE,"2025-04-12",NA,NA,2,3,"Home","Nottingham Forest","Everton",16
318,32,FALSE,"2025-04-12",NA,NA,2,3,"Away","Everton","Nottingham Forest",8
319,32,FALSE,"2025-04-12",NA,NA,3,2,"Home","Southampton","Aston Villa",17
319,32,FALSE,"2025-04-12",NA,NA,3,2,"Away","Aston Villa","Southampton",2
320,32,FALSE,"2025-04-12",NA,NA,4,2,"Home","Wolverhampton Wanderers","Tottenham Hotspur",20
320,32,FALSE,"2025-04-12",NA,NA,4,2,"Away","Tottenham Hotspur","Wolverhampton Wanderers",18
321,33,FALSE,"2025-04-19",NA,NA,3,4,"Home","Aston Villa","Newcastle United",2
321,33,FALSE,"2025-04-19",NA,NA,3,4,"Away","Newcastle United","Aston Villa",15
322,33,FALSE,"2025-04-19",NA,NA,3,4,"Home","Brentford","Brighton & Hove Albion",4
322,33,FALSE,"2025-04-19",NA,NA,3,4,"Away","Brighton & Hove Albion","Brentford",5
323,33,FALSE,"2025-04-19",NA,NA,3,3,"Home","Crystal Palace","AFC Bournemouth",7
323,33,FALSE,"2025-04-19",NA,NA,3,3,"Away","AFC Bournemouth","Crystal Palace",3
324,33,FALSE,"2025-04-19",NA,NA,4,3,"Home","Everton","Manchester City",8
324,33,FALSE,"2025-04-19",NA,NA,4,3,"Away","Manchester City","Everton",13
325,33,FALSE,"2025-04-19",NA,NA,4,3,"Home","Fulham","Chelsea",9
325,33,FALSE,"2025-04-19",NA,NA,4,3,"Away","Chelsea","Fulham",6
326,33,FALSE,"2025-04-19",NA,NA,4,2,"Home","Ipswich Town","Arsenal",10
326,33,FALSE,"2025-04-19",NA,NA,4,2,"Away","Arsenal","Ipswich Town",1
327,33,FALSE,"2025-04-19",NA,NA,5,2,"Home","Leicester City","Liverpool",11
327,33,FALSE,"2025-04-19",NA,NA,5,2,"Away","Liverpool","Leicester City",12
328,33,FALSE,"2025-04-19",NA,NA,2,3,"Home","Manchester United","Wolverhampton Wanderers",14
328,33,FALSE,"2025-04-19",NA,NA,2,3,"Away","Wolverhampton Wanderers","Manchester United",20
329,33,FALSE,"2025-04-19",NA,NA,3,4,"Home","Tottenham Hotspur","Nottingham Forest",18
329,33,FALSE,"2025-04-19",NA,NA,3,4,"Away","Nottingham Forest","Tottenham Hotspur",16
330,33,FALSE,"2025-04-19",NA,NA,2,2,"Home","West Ham United","Southampton",19
330,33,FALSE,"2025-04-19",NA,NA,2,2,"Away","Southampton","West Ham United",17
331,34,FALSE,"2025-04-26",NA,NA,3,5,"Home","Arsenal","Crystal Palace",1
331,34,FALSE,"2025-04-26",NA,NA,3,5,"Away","Crystal Palace","Arsenal",7
332,34,FALSE,"2025-04-26",NA,NA,3,3,"Home","AFC Bournemouth","Manchester United",3
332,34,FALSE,"2025-04-26",NA,NA,3,3,"Away","Manchester United","AFC Bournemouth",14
333,34,FALSE,"2025-04-26",NA,NA,2,3,"Home","Brighton & Hove Albion","West Ham United",5
333,34,FALSE,"2025-04-26",NA,NA,2,3,"Away","West Ham United","Brighton & Hove Albion",19
334,34,FALSE,"2025-04-26",NA,NA,2,4,"Home","Chelsea","Everton",6
334,34,FALSE,"2025-04-26",NA,NA,2,4,"Away","Everton","Chelsea",8
335,34,FALSE,"2025-04-26",NA,NA,4,5,"Home","Liverpool","Tottenham Hotspur",12
335,34,FALSE,"2025-04-26",NA,NA,4,5,"Away","Tottenham Hotspur","Liverpool",18
336,34,FALSE,"2025-04-26",NA,NA,3,4,"Home","Manchester City","Aston Villa",13
336,34,FALSE,"2025-04-26",NA,NA,3,4,"Away","Aston Villa","Manchester City",2
337,34,FALSE,"2025-04-26",NA,NA,2,4,"Home","Newcastle United","Ipswich Town",15
337,34,FALSE,"2025-04-26",NA,NA,2,4,"Away","Ipswich Town","Newcastle United",10
338,34,FALSE,"2025-04-26",NA,NA,2,3,"Home","Nottingham Forest","Brentford",16
338,34,FALSE,"2025-04-26",NA,NA,2,3,"Away","Brentford","Nottingham Forest",4
339,34,FALSE,"2025-04-26",NA,NA,3,2,"Home","Southampton","Fulham",17
339,34,FALSE,"2025-04-26",NA,NA,3,2,"Away","Fulham","Southampton",9
340,34,FALSE,"2025-04-26",NA,NA,2,2,"Home","Wolverhampton Wanderers","Leicester City",20
340,34,FALSE,"2025-04-26",NA,NA,2,2,"Away","Leicester City","Wolverhampton Wanderers",11
341,35,FALSE,"2025-05-03",NA,NA,3,5,"Home","Arsenal","AFC Bournemouth",1
341,35,FALSE,"2025-05-03",NA,NA,3,5,"Away","AFC Bournemouth","Arsenal",3
342,35,FALSE,"2025-05-03",NA,NA,3,4,"Home","Aston Villa","Fulham",2
342,35,FALSE,"2025-05-03",NA,NA,3,4,"Away","Fulham","Aston Villa",9
343,35,FALSE,"2025-05-03",NA,NA,3,4,"Home","Brentford","Manchester United",4
343,35,FALSE,"2025-05-03",NA,NA,3,4,"Away","Manchester United","Brentford",14
344,35,FALSE,"2025-05-03",NA,NA,3,3,"Home","Brighton & Hove Albion","Newcastle United",5
344,35,FALSE,"2025-05-03",NA,NA,3,3,"Away","Newcastle United","Brighton & Hove Albion",15
345,35,FALSE,"2025-05-03",NA,NA,5,4,"Home","Chelsea","Liverpool",6
345,35,FALSE,"2025-05-03",NA,NA,5,4,"Away","Liverpool","Chelsea",12
346,35,FALSE,"2025-05-03",NA,NA,3,3,"Home","Crystal Palace","Nottingham Forest",7
346,35,FALSE,"2025-05-03",NA,NA,3,3,"Away","Nottingham Forest","Crystal Palace",16
347,35,FALSE,"2025-05-03",NA,NA,2,3,"Home","Everton","Ipswich Town",8
347,35,FALSE,"2025-05-03",NA,NA,2,3,"Away","Ipswich Town","Everton",10
348,35,FALSE,"2025-05-03",NA,NA,2,2,"Home","Leicester City","Southampton",11
348,35,FALSE,"2025-05-03",NA,NA,2,2,"Away","Southampton","Leicester City",17
349,35,FALSE,"2025-05-03",NA,NA,2,4,"Home","Manchester City","Wolverhampton Wanderers",13
349,35,FALSE,"2025-05-03",NA,NA,2,4,"Away","Wolverhampton Wanderers","Manchester City",20
350,35,FALSE,"2025-05-03",NA,NA,4,2,"Home","West Ham United","Tottenham Hotspur",19
350,35,FALSE,"2025-05-03",NA,NA,4,2,"Away","Tottenham Hotspur","West Ham United",18
351,36,FALSE,"2025-05-10",NA,NA,3,3,"Home","AFC Bournemouth","Aston Villa",3
351,36,FALSE,"2025-05-10",NA,NA,3,3,"Away","Aston Villa","AFC Bournemouth",2
352,36,FALSE,"2025-05-10",NA,NA,2,3,"Home","Fulham","Everton",9
352,36,FALSE,"2025-05-10",NA,NA,2,3,"Away","Everton","Fulham",8
353,36,FALSE,"2025-05-10",NA,NA,2,2,"Home","Ipswich Town","Brentford",10
353,36,FALSE,"2025-05-10",NA,NA,2,2,"Away","Brentford","Ipswich Town",4
354,36,FALSE,"2025-05-10",NA,NA,4,5,"Home","Liverpool","Arsenal",12
354,36,FALSE,"2025-05-10",NA,NA,4,5,"Away","Arsenal","Liverpool",1
355,36,FALSE,"2025-05-10",NA,NA,2,3,"Home","Manchester United","West Ham United",14
355,36,FALSE,"2025-05-10",NA,NA,2,3,"Away","West Ham United","Manchester United",19
356,36,FALSE,"2025-05-10",NA,NA,4,4,"Home","Newcastle United","Chelsea",15
356,36,FALSE,"2025-05-10",NA,NA,4,4,"Away","Chelsea","Newcastle United",6
357,36,FALSE,"2025-05-10",NA,NA,2,3,"Home","Nottingham Forest","Leicester City",16
357,36,FALSE,"2025-05-10",NA,NA,2,3,"Away","Leicester City","Nottingham Forest",11
358,36,FALSE,"2025-05-10",NA,NA,4,2,"Home","Southampton","Manchester City",17
358,36,FALSE,"2025-05-10",NA,NA,4,2,"Away","Manchester City","Southampton",13
359,36,FALSE,"2025-05-10",NA,NA,3,4,"Home","Tottenham Hotspur","Crystal Palace",18
359,36,FALSE,"2025-05-10",NA,NA,3,4,"Away","Crystal Palace","Tottenham Hotspur",7
360,36,FALSE,"2025-05-10",NA,NA,3,2,"Home","Wolverhampton Wanderers","Brighton & Hove Albion",20
360,36,FALSE,"2025-05-10",NA,NA,3,2,"Away","Brighton & Hove Albion","Wolverhampton Wanderers",5
361,37,FALSE,"2025-05-18",NA,NA,3,5,"Home","Arsenal","Newcastle United",1
361,37,FALSE,"2025-05-18",NA,NA,3,5,"Away","Newcastle United","Arsenal",15
362,37,FALSE,"2025-05-18",NA,NA,4,4,"Home","Aston Villa","Tottenham Hotspur",2
362,37,FALSE,"2025-05-18",NA,NA,4,4,"Away","Tottenham Hotspur","Aston Villa",18
363,37,FALSE,"2025-05-18",NA,NA,3,4,"Home","Brentford","Fulham",4
363,37,FALSE,"2025-05-18",NA,NA,3,4,"Away","Fulham","Brentford",9
364,37,FALSE,"2025-05-18",NA,NA,5,3,"Home","Brighton & Hove Albion","Liverpool",5
364,37,FALSE,"2025-05-18",NA,NA,5,3,"Away","Liverpool","Brighton & Hove Albion",12
365,37,FALSE,"2025-05-18",NA,NA,3,4,"Home","Chelsea","Manchester United",6
365,37,FALSE,"2025-05-18",NA,NA,3,4,"Away","Manchester United","Chelsea",14
366,37,FALSE,"2025-05-18",NA,NA,2,3,"Home","Crystal Palace","Wolverhampton Wanderers",7
366,37,FALSE,"2025-05-18",NA,NA,2,3,"Away","Wolverhampton Wanderers","Crystal Palace",20
367,37,FALSE,"2025-05-18",NA,NA,2,3,"Home","Everton","Southampton",8
367,37,FALSE,"2025-05-18",NA,NA,2,3,"Away","Southampton","Everton",17
368,37,FALSE,"2025-05-18",NA,NA,2,2,"Home","Leicester City","Ipswich Town",11
368,37,FALSE,"2025-05-18",NA,NA,2,2,"Away","Ipswich Town","Leicester City",10
369,37,FALSE,"2025-05-18",NA,NA,3,4,"Home","Manchester City","AFC Bournemouth",13
369,37,FALSE,"2025-05-18",NA,NA,3,4,"Away","AFC Bournemouth","Manchester City",3
370,37,FALSE,"2025-05-18",NA,NA,3,2,"Home","West Ham United","Nottingham Forest",19
370,37,FALSE,"2025-05-18",NA,NA,3,2,"Away","Nottingham Forest","West Ham United",16
371,38,FALSE,"2025-05-25",NA,NA,2,3,"Home","AFC Bournemouth","Leicester City",3
371,38,FALSE,"2025-05-25",NA,NA,2,3,"Away","Leicester City","AFC Bournemouth",11
372,38,FALSE,"2025-05-25",NA,NA,4,3,"Home","Fulham","Manchester City",9
372,38,FALSE,"2025-05-25",NA,NA,4,3,"Away","Manchester City","Fulham",13
373,38,FALSE,"2025-05-25",NA,NA,2,2,"Home","Ipswich Town","West Ham United",10
373,38,FALSE,"2025-05-25",NA,NA,2,2,"Away","West Ham United","Ipswich Town",19
374,38,FALSE,"2025-05-25",NA,NA,3,5,"Home","Liverpool","Crystal Palace",12
374,38,FALSE,"2025-05-25",NA,NA,3,5,"Away","Crystal Palace","Liverpool",7
375,38,FALSE,"2025-05-25",NA,NA,3,3,"Home","Manchester United","Aston Villa",14
375,38,FALSE,"2025-05-25",NA,NA,3,3,"Away","Aston Villa","Manchester United",2
376,38,FALSE,"2025-05-25",NA,NA,2,4,"Home","Newcastle United","Everton",15
376,38,FALSE,"2025-05-25",NA,NA,2,4,"Away","Everton","Newcastle United",8
377,38,FALSE,"2025-05-25",NA,NA,4,3,"Home","Nottingham Forest","Chelsea",16
377,38,FALSE,"2025-05-25",NA,NA,4,3,"Away","Chelsea","Nottingham Forest",6
378,38,FALSE,"2025-05-25",NA,NA,4,2,"Home","Southampton","Arsenal",17
378,38,FALSE,"2025-05-25",NA,NA,4,2,"Away","Arsenal","Southampton",1
379,38,FALSE,"2025-05-25",NA,NA,3,4,"Home","Tottenham Hotspur","Brighton & Hove Albion",18
379,38,FALSE,"2025-05-25",NA,NA,3,4,"Away","Brighton & Hove Albion","Tottenham Hotspur",5
380,38,FALSE,"2025-05-25",NA,NA,2,2,"Home","Wolverhampton Wanderers","Brentford",20
380,38,FALSE,"2025-05-25",NA,NA,2,2,"Away","Brentford","Wolverhampton Wanderers",4
