"Player ID","First Name","Second Name","Team ID","Current Cost","Form","Photo","Selected %","Chance of playing next round","Chance of playing this round","Dreamteam Count","In Dreamteam","News","News Added","Corners & Indirect freekicks order","Direct freekicks order","Penalties Order","Position"
1,"Fábio","Ferreira Vieira",1,54,"0.0","438098.jpg","0.0",0,0,0,FALSE,"Has joined Portuguese side FC Porto on loan for the 2024/25 season","2024-08-29T11:06:25.241953Z",NA,NA,NA,"Midfielder"
2,"Gabriel","Fernando de Jesus",1,65,"0.0","205651.jpg","1.1",0,0,2,FALSE,"Knee injury - Unknown return date","2025-01-12T22:00:07.802845Z",NA,NA,NA,"Forward"
3,"Gabriel","dos Santos Magalhães",1,63,"3.8","226597.jpg","29.7",100,100,2,FALSE,"","2024-11-27T10:30:06.325759Z",NA,NA,NA,"Defender"
4,"Kai","Havertz",1,77,"0.0","219847.jpg","6.0",0,0,1,FALSE,"Hamstring injury - Expected back 01 Jun","2025-02-12T09:00:08.755570Z",NA,NA,3,"Forward"
5,"Karl","Hein",1,40,"0.0","463748.jpg","0.0",0,0,0,FALSE,"Loaned to Real Valladolid","2024-08-14T08:31:46.556082Z",NA,NA,NA,"Goalkeeper"
6,"Jurriën","Timber",1,56,"3.5","445122.jpg","4.5",100,100,2,FALSE,"","2025-01-12T22:00:07.815228Z",NA,NA,NA,"Defender"
7,"Jorge Luiz","Frello Filho",1,47,"0.8","85955.jpg","0.2",100,100,0,FALSE,"","2025-01-12T22:00:07.826638Z",NA,NA,NA,"Midfielder"
8,"Jakub","Kiwior",1,48,"0.0","440854.jpg","0.2",NA,NA,0,FALSE,"",NA,NA,NA,NA,"Defender"
9,"Gabriel","Martinelli Silva",1,65,"0.0","444145.jpg","1.9",0,0,1,FALSE,"Hamstring injury - Expected back 01 Apr","2025-02-06T00:00:08.092348Z",NA,NA,NA,"Midfielder"
12,"Ethan","Nwaneri",1,46,"3.5","499175.jpg","4.4",100,100,0,FALSE,"","2025-01-04T22:00:06.872110Z",NA,NA,NA,"Midfielder"
13,"Martin","Ødegaard",1,82,"2.0","184029.jpg","5.0",100,100,0,FALSE,"","2024-09-10T00:30:06.311550Z",3,1,2,"Midfielder"
15,"David","Raya Martin",1,55,"3.8","154561.jpg","26.0",100,100,2,FALSE,"","2025-01-30T11:00:08.979724Z",NA,NA,NA,"Goalkeeper"
16,"Declan","Rice",1,62,"1.8","204480.jpg","2.7",100,100,0,FALSE,"","2024-12-14T22:30:07.561621Z",2,2,NA,"Midfielder"
17,"Bukayo","Saka",1,102,"0.0","223340.jpg","8.5",0,0,4,FALSE,"Hamstring injury - Expected back 01 Apr","2024-12-21T21:30:07.668871Z",1,NA,1,"Midfielder"
18,"William","Saliba",1,62,"4.0","462424.jpg","22.3",100,100,3,FALSE,"","2025-01-18T23:00:07.959087Z",NA,NA,NA,"Defender"
20,"Thomas","Partey",1,49,"1.2","167199.jpg","0.8",100,100,0,FALSE,"","2024-11-30T22:00:07.258906Z",NA,NA,NA,"Midfielder"
21,"Kieran","Tierney",1,43,"0.5","192895.jpg","0.0",100,100,0,FALSE,"","2024-08-12T14:30:04.394338Z",NA,NA,NA,"Defender"
22,"Tomiyasu","Takehiro",1,48,"0.0","223723.jpg","0.0",0,0,0,FALSE,"Knee injury - Expected back 01 Jun","2024-10-18T16:00:06.930143Z",NA,NA,NA,"Defender"
23,"Leandro","Trossard",1,68,"2.8","116216.jpg","3.1",100,100,1,FALSE,"","2024-11-21T08:30:08.540890Z",4,NA,4,"Midfielder"
24,"Benjamin","White",1,61,"0.5","198869.jpg","2.1",100,100,0,FALSE,"","2024-11-14T13:00:07.861117Z",NA,NA,NA,"Defender"
25,"Oleksandr","Zinchenko",1,48,"0.5","206325.jpg","0.9",100,100,0,FALSE,"","2024-12-09T09:30:06.099861Z",NA,NA,NA,"Defender"
73,"Norberto","Murara Neto",1,41,"0.0","69752.jpg","0.7",100,100,0,FALSE,"","2024-10-05T17:30:06.760449Z",NA,NA,NA,"Goalkeeper"
186,"Raheem","Sterling",1,67,"1.2","103955.jpg","0.8",0,100,0,FALSE,"Ineligible to face his parent club on 16/3. - Expected back 01 Apr","2025-03-08T20:00:09.918533Z",NA,3,NA,"Midfielder"
578,"Riccardo","Calafiori",1,58,"0.5","466075.jpg","1.3",100,100,1,FALSE,"","2025-01-12T22:00:08.460074Z",NA,NA,NA,"Defender"
597,"Myles","Lewis-Skelly",1,45,"0.2","499169.jpg","0.3",100,100,0,FALSE,"","2025-02-22T21:00:10.286547Z",NA,NA,NA,"Midfielder"
633,"Mikel","Merino",1,60,"4.5","195384.jpg","0.7",100,100,1,FALSE,"","2025-01-27T01:00:09.275216Z",NA,NA,NA,"Midfielder"
638,"Salah-Eddine","Oulad M'hand",1,45,"0.0","498046.jpg","0.0",NA,NA,0,FALSE,"",NA,NA,NA,NA,"Midfielder"
639,"Tommy","Setford",1,45,"0.0","551221.jpg","0.1",NA,NA,0,FALSE,"",NA,NA,NA,NA,"Goalkeeper"
657,"Maldini","Kacurri",1,40,"0.0","588793.jpg","0.1",0,0,0,FALSE,"Loaned to Bromley","2025-02-04T10:52:26.271821Z",NA,NA,NA,"Defender"
659,"Ismeal","Kabia",1,45,"0.0","588796.jpg","0.0",NA,NA,0,FALSE,"",NA,NA,NA,NA,"Midfielder"
662,"Josh","Nichols",1,40,"0.0","499167.jpg","0.1",NA,NA,0,FALSE,"",NA,NA,NA,NA,"Defender"
665,"Nathan","Butler-Oyedeji",1,45,"0.0","461025.jpg","0.2",NA,NA,0,FALSE,"",NA,NA,NA,NA,"Forward"
735,"Mikel","Arteta",1,15,"3.8","100051017.jpg","2.6",NA,NA,0,FALSE,"",NA,NA,NA,NA,"Manager"
756,"Jack","Porter",1,40,"0.0","616059.jpg","0.0",NA,NA,0,FALSE,"",NA,NA,NA,NA,"Goalkeeper"
28,"Leon","Bailey",2,62,"0.4","215711.jpg","0.8",100,100,0,FALSE,"","2025-02-21T15:00:08.865618Z",3,4,NA,"Midfielder"
29,"Ross","Barkley",2,52,"0.0","88894.jpg","0.2",0,0,1,FALSE,"Calf injury - Expected back 02 Apr","2025-01-11T01:30:08.379812Z",NA,NA,NA,"Midfielder"
30,"Enzo","Barrenechea",2,49,"0.0","491287.jpg","0.0",0,0,0,FALSE,"Loaned to Valencia CF","2024-08-31T06:33:47.934620Z",NA,NA,NA,"Midfielder"
31,"Emiliano","Buendía Stati",2,51,"0.0","195546.jpg","0.1",0,0,0,FALSE,"Loaned to Bayer Leverkusen","2025-02-03T10:22:17.157838Z",NA,3,NA,"Midfielder"
32,"Matty","Cash",2,44,"0.6","199796.jpg","1.0",100,100,0,FALSE,"","2025-01-31T15:00:08.473024Z",NA,NA,NA,"Defender"
33,"Leander","Dendoncker",2,45,"0.0","151589.jpg","0.2",0,0,0,FALSE,"On loan to Anderlecht for the rest of the season","2024-09-02T10:45:36.198316Z",NA,NA,NA,"Midfielder"
34,"Moussa","Diaby",2,65,"0.0","243557.jpg","0.0",0,0,0,FALSE,"Permanent transfer to Al Ittihad","2024-07-26T08:50:40.300928Z",NA,NA,NA,"Midfielder"
35,"Diego Carlos","Santos Silva",2,45,"0.0","165659.jpg","0.3",0,0,0,FALSE,"loaned to Fenerbahçe","2025-01-03T19:30:08.711012Z",NA,NA,NA,"Defender"
36,"Lucas","Digne",2,45,"2.4","101188.jpg","7.0",NA,NA,2,FALSE,"",NA,2,2,NA,"Defender"
37,"Lewis","Dobbin",2,50,"0.0","461421.jpg","0.0",0,0,0,FALSE,"Permanent transfer to West Bromwich Albion","2024-08-07T08:21:33.016106Z",NA,NA,NA,"Midfielder"
38,"Jhon","Durán",2,57,"0.0","476344.jpg","1.7",0,0,0,FALSE,"Loaned to Al-Nassr","2025-02-03T10:25:17.104554Z",NA,NA,NA,"Forward"
39,"Joe","Gauci",2,40,"0.0","462492.jpg","0.6",0,0,0,FALSE,"Loaned to Barnsley","2025-02-03T10:19:41.424678Z",NA,NA,NA,"Goalkeeper"
40,"Kortney","Hause",2,39,"0.0","123354.jpg","0.6",NA,NA,0,FALSE,"",NA,NA,NA,NA,"Defender"
41,"Samuel","Iling-Junior",2,54,"0.0","469247.jpg","0.0",0,0,0,FALSE,"Season long loan to Bologna","2024-08-29T11:07:04.555253Z",NA,NA,NA,"Midfielder"
42,"Boubacar","Kamara",2,50,"0.4","226944.jpg","0.0",100,100,0,FALSE,"","2025-02-18T22:00:09.222622Z",NA,NA,NA,"Midfielder"
43,"Kaine","Kesler-Hayden",2,40,"0.0","465390.jpg","0.0",0,0,0,FALSE,"Has joined Preston North End for the rest of the season","2024-08-09T11:14:21.895838Z",NA,NA,NA,"Defender"
44,"Ezri","Konsa Ngoyo",2,44,"1.8","199798.jpg","5.2",100,100,2,FALSE,"","2025-02-10T10:00:08.895290Z",NA,NA,NA,"Defender"
45,"Ian","Maatsen",2,45,"1.0","441302.jpg","1.2",100,100,0,FALSE,"","2024-11-14T10:00:07.838636Z",NA,NA,NA,"Defender"
46,"Filip","Marschall",2,40,"0.0","462381.jpg","0.0",0,0,0,FALSE,"Has joined MK Dons for the rest of the season","2024-07-18T09:50:40.812599Z",NA,NA,NA,"Goalkeeper"
47,"Emiliano","Martínez Romero",2,50,"1.6","98980.jpg","11.5",100,100,1,FALSE,"","2025-02-26T00:00:07.578531Z",NA,NA,NA,"Goalkeeper"
48,"John","McGinn",2,52,"1.8","122806.jpg","0.7",100,100,0,FALSE,"","2025-01-04T19:30:07.992156Z",NA,NA,NA,"Midfielder"
49,"Tyrone","Mings",2,44,"3.0","149484.jpg","0.1",100,100,2,FALSE,"","2025-03-01T08:00:09.097035Z",NA,NA,NA,"Defender"
50,"Kosta","Nedeljković",2,39,"0.0","578545.jpg","0.6",0,0,0,FALSE,"Loaned to RB Leipzig","2025-02-03T18:30:15.024412Z",NA,NA,NA,"Defender"
51,"Robin","Olsen",2,45,"1.4","111782.jpg","0.1",100,100,0,FALSE,"","2024-10-18T16:30:05.894923Z",NA,NA,NA,"Goalkeeper"
52,"Pau","Torres",2,42,"0.0","244954.jpg","0.7",100,100,0,FALSE,"","2024-12-30T23:30:08.107053Z",NA,NA,NA,"Defender"
53,"Jacob","Ramsey",2,54,"2.2","232653.jpg","0.4",100,100,0,FALSE,"","2024-11-10T23:00:07.265497Z",NA,NA,NA,"Midfielder"
54,"Morgan","Rogers",2,55,"3.2","244850.jpg","19.5",100,100,3,FALSE,"","2025-02-22T21:30:09.096177Z",NA,NA,NA,"Midfielder"
55,"Viljami","Sinisalo",2,40,"0.0","248164.jpg","0.0",0,0,0,FALSE,"Permanent transfer to Celtic","2024-07-18T09:43:21.242291Z",NA,NA,NA,"Goalkeeper"
56,"Lino","da Cruz Sousa",2,40,"0.0","514315.jpg","0.0",0,0,0,FALSE,"Loaned to  Bristol Rovers","2024-08-16T11:50:34.812830Z",NA,NA,NA,"Defender"
57,"Youri","Tielemans",2,55,"3.8","166989.jpg","1.3",NA,NA,0,FALSE,"",NA,1,NA,2,"Midfielder"
58,"Ollie","Watkins",2,89,"6.2","178301.jpg","19.9",100,100,6,FALSE,"","2025-02-01T22:30:07.812499Z",NA,NA,1,"Forward"
167,"Axel","Disasi",2,42,"1.6","220362.jpg","0.5",100,100,0,FALSE,"","2025-02-15T16:00:09.052094Z",NA,NA,NA,"Defender"
233,"Amadou","Onana",2,48,"0.0","449871.jpg","2.2",75,75,0,FALSE,"Unknown - 75% chance of playing","2025-02-14T15:00:07.725990Z",NA,NA,NA,"Midfielder"
385,"Marcus","Rashford",2,67,"4.0","176297.jpg","5.6",100,100,1,FALSE,"","2025-01-03T19:30:09.403418Z",NA,2,3,"Midfielder"
598,"Lamare","Bogarde",2,40,"0.4","515597.jpg","0.3",NA,NA,0,FALSE,"",NA,NA,NA,NA,"Defender"
640,"Sil","Swinkels",2,40,"0.0","514287.jpg","0.1",0,0,0,FALSE,"Loaned to Bristol Rovers","2025-02-04T10:52:01.247463Z",NA,NA,NA,"Defender"
641,"Oliwier","Zych",2,40,"0.0","516159.jpg","0.5",NA,NA,0,FALSE,"",NA,NA,NA,NA,"Goalkeeper"
656,"Kadan","Young",2,44,"0.0","537403.jpg","0.2",0,0,0,FALSE,"Loaned to Royal Antwerp","2025-02-28T11:05:51.443216Z",NA,NA,NA,"Midfielder"
679,"Ben","Broggio",2,45,"0.0","577731.jpg","0.0",NA,NA,0,FALSE,"",NA,NA,NA,NA,"Midfielder"
710,"Jamaldeen","Jimoh",2,45,"0.0","559962.jpg","0.0",NA,NA,0,FALSE,"",NA,NA,NA,NA,"Midfielder"
725,"Donyell","Malen",2,54,"1.0","204646.jpg","0.1",NA,NA,0,FALSE,"",NA,NA,NA,NA,"Midfielder"
731,"Andrés","García",2,45,"1.0","606798.jpg","0.1",NA,NA,0,FALSE,"",NA,NA,NA,NA,"Defender"
737,"Unai","Emery",2,8,"6.4","100037568.jpg","2.8",NA,NA,0,FALSE,"",NA,NA,NA,NA,"Manager"
762,"Marco","Asensio",2,61,"3.8","174292.jpg","2.3",NA,NA,1,FALSE,"",NA,NA,NA,NA,"Midfielder"
59,"Max","Aarons",3,43,"0.0","232980.jpg","0.1",0,0,0,FALSE,"Season-long loan to Valencia","2025-01-17T08:27:29.985824Z",NA,NA,NA,"Defender"
60,"Tyler","Adams",3,49,"1.2","200785.jpg","0.1",100,100,0,FALSE,"","2024-12-30T23:30:08.175231Z",NA,NA,NA,"Midfielder"
61,"Jaidon","Anthony",3,45,"0.0","444180.jpg","0.1",0,0,0,FALSE,"Season long loan to Burnley","2024-08-30T09:46:29.420148Z",NA,NA,NA,"Midfielder"
62,"David","Brooks",3,49,"1.2","111317.jpg","0.0",100,100,0,FALSE,"","2024-08-12T14:30:04.440536Z",NA,NA,NA,"Midfielder"
63,"Ryan","Christie",3,49,"3.8","158499.jpg","0.2",75,75,1,FALSE,"Groin Injury - 75% chance of playing","2025-02-26T00:00:07.685954Z",4,NA,NA,"Midfielder"
64,"Lewis","Cook",3,50,"1.2","155408.jpg","0.2",100,100,0,FALSE,"","2024-11-30T22:00:07.304760Z",1,2,NA,"Midfielder"
65,"Enes","Ünal",3,54,"0.0","168636.jpg","0.1",0,0,0,FALSE,"Knee injury - Unknown return date","2025-01-09T16:30:08.243030Z",NA,4,NA,"Forward"
66,"Romain","Faivre",3,50,"0.0","441240.jpg","0.0",0,0,0,FALSE,"Loaned to Brest","2024-08-20T12:15:06.505689Z",NA,NA,NA,"Midfielder"
67,"Hamed","Traorè",3,45,"0.0","424044.jpg","0.0",0,0,0,FALSE,"Season long loan to A.J.Auxerre","2024-08-29T11:07:43.785266Z",NA,NA,NA,"Midfielder"
68,"James","Hill",3,39,"0.5","463981.jpg","0.6",100,100,0,FALSE,"","2025-01-15T01:00:08.846282Z",NA,NA,NA,"Defender"
69,"Daniel","Jebbison",3,45,"0.5","523700.jpg","1.1",100,100,0,FALSE,"","2024-08-31T06:32:40.630710Z",NA,NA,NA,"Forward"
70,"Milos","Kerkez",3,51,"1.8","544877.jpg","15.4",100,100,2,FALSE,"","2024-11-21T08:30:08.632085Z",NA,NA,NA,"Defender"
71,"Justin","Kluivert",3,61,"4.2","222683.jpg","31.5",100,100,4,TRUE,"","2024-12-27T00:30:09.136640Z",NA,NA,1,"Midfielder"
72,"Chris","Mepham",3,44,"0.0","223911.jpg","0.0",0,0,0,FALSE,"On loan to Sunderland for the season","2024-09-01T09:10:00.945219Z",NA,NA,NA,"Defender"
74,"Dango","Ouattara",3,52,"2.8","533463.jpg","5.1",100,100,2,FALSE,"","2024-11-01T16:30:07.369192Z",NA,NA,NA,"Midfielder"
75,"Alex","Paulsen",3,40,"0.0","495145.jpg","0.0",0,0,0,FALSE,"Loaned to Auckland FC","2024-08-10T12:14:13.050842Z",NA,NA,NA,"Goalkeeper"
76,"Philip","Billing",3,48,"0.0","168991.jpg","0.0",0,0,0,FALSE,"Season-long loan to Napoli","2025-01-17T08:00:05.376061Z",NA,3,NA,"Midfielder"
77,"Alex","Scott",3,47,"0.8","503139.jpg","0.0",100,100,0,FALSE,"","2024-10-25T09:00:05.962917Z",NA,NA,NA,"Midfielder"
78,"Antoine","Semenyo",3,57,"1.8","437730.jpg","8.5",100,100,2,FALSE,"","2024-11-13T14:00:07.717891Z",NA,NA,NA,"Midfielder"
79,"Marcos","Senesi",3,46,"0.0","221466.jpg","0.3",0,0,1,FALSE,"Thigh injury - Expected back 01 Apr","2024-12-06T10:30:07.568268Z",NA,NA,NA,"Defender"
80,"Luis","Sinisterra",3,48,"0.5","224995.jpg","0.1",100,100,1,FALSE,"","2024-10-25T09:00:05.974870Z",NA,NA,NA,"Midfielder"
81,"Adam","Smith",3,44,"0.0","54469.jpg","0.1",0,0,0,FALSE,"Muscle injury - Unknown return date","2024-12-25T22:30:07.943044Z",NA,NA,NA,"Defender"
83,"Marcus","Tavernier",3,54,"2.0","201658.jpg","0.2",100,100,0,FALSE,"","2024-12-12T12:00:08.312511Z",2,1,NA,"Midfielder"
84,"Mark","Travers",3,44,"0.0","229600.jpg","0.1",0,0,0,FALSE,"Loaned to Middlesbrough","2025-02-03T10:20:13.419620Z",NA,NA,NA,"Goalkeeper"
85,"Illia","Zabarnyi",3,44,"0.0","477580.jpg","0.5",100,0,0,FALSE,"","2025-02-22T21:00:09.748448Z",NA,NA,NA,"Defender"
152,"Kepa","Arrizabalaga",3,46,"1.5","109745.jpg","2.9",100,100,0,FALSE,"","2025-01-04T19:30:08.158014Z",NA,NA,NA,"Goalkeeper"
580,"Dean","Huijsen",3,45,"1.2","554605.jpg","4.6",NA,NA,2,FALSE,"",NA,NA,NA,NA,"Defender"
592,"Julián","Araujo Zúñiga",3,43,"0.0","436893.jpg","0.1",0,0,0,FALSE,"Hamstring injury - Expected back 02 Apr","2025-03-07T16:30:09.194335Z",NA,NA,NA,"Defender"
599,"Will","Dennis",3,40,"0.0","444172.jpg","0.3",NA,NA,0,FALSE,"",NA,NA,NA,NA,"Goalkeeper"
617,"Francisco Evanilson","de Lima Barbosa",3,56,"0.2","444102.jpg","0.9",100,100,1,FALSE,"","2025-01-07T12:00:09.172079Z",NA,NA,2,"Forward"
680,"Max","Kinsey",3,40,"0.0","496683.jpg","0.0",NA,NA,0,FALSE,"",NA,NA,NA,NA,"Defender"
687,"Ben","Winterburn",3,45,"0.0","606775.jpg","0.0",NA,NA,0,FALSE,"",NA,NA,NA,NA,"Midfielder"
702,"Archie","Harris",3,40,"0.0","632822.jpg","0.0",NA,NA,0,FALSE,"",NA,NA,NA,NA,"Defender"
707,"Remy","Rees-Dottin",3,45,"0.0","606774.jpg","0.1",NA,NA,0,FALSE,"",NA,NA,NA,NA,"Forward"
712,"Matai","Akinmboni",3,40,"0.0","541462.jpg","0.0",NA,NA,0,FALSE,"",NA,NA,NA,NA,"Defender"
713,"Julio","Soler",3,39,"0.0","575901.jpg","0.0",100,100,0,FALSE,"","2025-01-17T12:00:08.626455Z",NA,NA,NA,"Defender"
722,"Daniel","Adu-Adjei",3,45,"0.0","590760.jpg","0.0",NA,NA,0,FALSE,"",NA,NA,NA,NA,"Forward"
723,"Dominic","Sadi",3,45,"0.0","550596.jpg","0.0",NA,NA,0,FALSE,"",NA,NA,NA,NA,"Midfielder"
727,"Callan","McKenna",3,40,"0.0","568791.jpg","0.0",NA,NA,0,FALSE,"",NA,NA,NA,NA,"Goalkeeper"
728,"Zain","Silcott-Duberry",3,45,"0.0","530121.jpg","0.0",NA,NA,0,FALSE,"",NA,NA,NA,NA,"Midfielder"
738,"Andoni","Iraola",3,11,"2.5","100050427.jpg","2.4",NA,NA,0,FALSE,"",NA,NA,NA,NA,"Manager"
86,"Kristoffer","Ajer",4,44,"3.8","191866.jpg","0.2",100,100,0,FALSE,"","2024-12-21T21:30:07.775014Z",NA,NA,NA,"Defender"
87,"Ethan","Brierley",4,44,"0.0","494041.jpg","0.1",100,100,0,FALSE,"","2024-09-10T11:15:13.439596Z",NA,NA,NA,"Midfielder"
88,"Nathan","Collins",4,45,"4.0","432830.jpg","3.0",NA,NA,1,FALSE,"",NA,NA,NA,NA,"Defender"
89,"Mikkel","Damsgaard",4,51,"4.0","440089.jpg","1.9",100,100,0,FALSE,"","2024-10-12T11:00:07.165630Z",1,3,NA,"Midfielder"
90,"Josh","Dasilva",4,48,"0.0","183656.jpg","0.0",0,0,0,FALSE,"Knee injury - Unknown return date","2024-08-12T14:30:04.460316Z",NA,NA,NA,"Midfielder"
91,"Mark","Flekken",4,44,"5.8","118342.jpg","10.0",100,100,1,FALSE,"","2025-02-03T02:00:08.276126Z",NA,NA,NA,"Goalkeeper"
92,"Rico","Henry",4,43,"0.0","194010.jpg","0.0",25,25,0,FALSE,"Lack of match fitness - 25% chance of playing","2025-01-27T01:00:08.496464Z",NA,NA,NA,"Defender"
93,"Aaron","Hickey",4,43,"0.0","472713.jpg","0.0",0,0,0,FALSE,"Lack of match fitness - Expected back 02 Apr","2024-08-12T14:30:04.480785Z",NA,NA,NA,"Defender"
94,"Vitaly","Janelt",4,49,"2.5","204580.jpg","0.2",100,100,0,FALSE,"","2024-12-10T00:00:07.895374Z",NA,NA,NA,"Midfielder"
95,"Mathias","Jensen",4,53,"0.5","207283.jpg","0.1",100,100,0,FALSE,"","2025-02-22T02:00:07.207773Z",3,NA,NA,"Midfielder"
96,"Kim","Ji-soo",4,39,"0.2","570241.jpg","0.4",NA,NA,0,FALSE,"",NA,NA,NA,NA,"Defender"
97,"Yunus Emre","Konak",4,44,"0.2","628204.jpg","0.1",NA,NA,0,FALSE,"",NA,NA,NA,NA,"Midfielder"
98,"Keane","Lewis-Potter",4,50,"2.5","249231.jpg","0.1",NA,NA,0,FALSE,"",NA,NA,4,NA,"Midfielder"
99,"Bryan","Mbeumo",4,81,"6.0","446008.jpg","41.3",100,100,5,TRUE,"","2024-11-13T15:00:08.005055Z",2,2,2,"Midfielder"
100,"Ben","Mee",4,42,"0.0","51927.jpg","0.3",100,100,0,FALSE,"","2024-12-29T08:30:08.579360Z",NA,NA,NA,"Defender"
101,"Christian","Nørgaard",4,48,"2.8","128295.jpg","0.2",100,100,0,FALSE,"","2025-02-22T02:00:07.221007Z",NA,NA,NA,"Midfielder"
102,"Frank","Onyeka",4,49,"0.0","428580.jpg","0.0",0,0,0,FALSE,"Loaned to FC Augsburg","2024-08-31T06:32:02.183747Z",NA,NA,NA,"Midfielder"
103,"Myles","Peart-Harris",4,45,"0.0","450539.jpg","0.0",0,0,0,FALSE,"Loaned to Swansea City","2024-08-31T06:31:19.312069Z",NA,NA,NA,"Midfielder"
104,"Ethan","Pinnock",4,44,"2.8","231065.jpg","0.3",100,100,0,FALSE,"","2024-12-19T00:30:06.525832Z",NA,NA,NA,"Defender"
105,"Mads","Roerslev Rasmussen",4,43,"0.0","226956.jpg","0.1",0,0,0,FALSE,"Loaned to VfL Wolfsburg","2025-01-30T11:40:19.558849Z",NA,NA,NA,"Defender"
106,"Kevin","Schade",4,51,"4.2","513418.jpg","1.3",100,100,2,FALSE,"","2025-01-27T01:00:08.556857Z",NA,NA,NA,"Midfielder"
107,"Igor Thiago","Nascimento Rodrigues",4,59,"0.0","502500.jpg","0.0",0,0,0,FALSE,"Knee injury - Unknown return date","2024-12-19T00:30:06.542371Z",NA,NA,NA,"Forward"
108,"Ivan","Toney",4,73,"0.0","144485.jpg","1.1",0,0,0,FALSE,"Transferred to Al-Ahli","2024-08-31T06:41:10.704245Z",NA,NA,NA,"Forward"
109,"Hákon","Valdimarsson",4,39,"0.0","507433.jpg","4.2",NA,NA,0,FALSE,"",NA,NA,NA,NA,"Goalkeeper"
110,"Yoane","Wissa",4,65,"5.2","216646.jpg","16.7",100,100,4,FALSE,"","2024-11-13T14:30:07.614563Z",NA,NA,4,"Forward"
111,"Yehor","Yarmoliuk",4,44,"0.8","508395.jpg","2.4",NA,NA,0,FALSE,"",NA,NA,NA,NA,"Midfielder"
112,"Mathias","Jorgensen",4,45,"0.0","48760.jpg","0.0",0,0,0,FALSE,"Joined Anderlecht","2024-08-16T11:51:35.999618Z",NA,NA,NA,"Defender"
314,"Fábio","Freitas Gouveia Carvalho",4,45,"1.8","244858.jpg","0.5",0,100,0,FALSE,"Shoulder injury - Unknown return date","2025-03-08T21:00:09.439679Z",4,NA,NA,"Midfielder"
338,"Sepp","van den Berg",4,41,"0.2","444765.jpg","2.0",0,0,1,FALSE,"Knee injury - Expected back 15 Mar","2025-02-15T18:30:08.884546Z",NA,NA,NA,"Defender"
602,"Ryan","Trevitt",4,44,"0.0","591357.jpg","0.0",0,0,0,FALSE,"Loaned to Exeter City","2025-02-03T18:30:41.509945Z",NA,NA,NA,"Midfielder"
634,"Gustavo","Nunes Fernandes Gomes",4,49,"0.0","626464.jpg","0.0",0,0,0,FALSE,"Back injury - Unknown return date","2024-09-12T15:00:06.996116Z",NA,NA,NA,"Midfielder"
649,"Jayden","Meghoma",4,40,"0.0","499717.jpg","0.0",0,0,0,FALSE,"Loaned to Preston North End","2025-01-17T12:25:36.920912Z",NA,NA,NA,"Defender"
661,"Tony","Yogane",4,45,"0.0","592662.jpg","0.0",0,0,0,FALSE,"Loaned to Exeter City","2025-01-24T10:48:13.441165Z",NA,NA,NA,"Midfielder"
674,"Paris","Maghoma",4,45,"0.5","220695.jpg","0.0",NA,NA,0,FALSE,"",NA,NA,NA,NA,"Midfielder"
705,"Benjamin","Arthur",4,40,"0.0","622536.jpg","0.0",NA,NA,0,FALSE,"",NA,NA,NA,NA,"Defender"
752,"Thomas","Frank",4,8,"6.2","100042830.jpg","1.7",NA,NA,0,FALSE,"",NA,NA,NA,NA,"Manager"
757,"Michael","Kayode",4,45,"0.8","607464.jpg","0.0",75,NA,0,FALSE,"Knock - 75% chance of playing","2025-03-08T21:00:10.112370Z",NA,NA,NA,"Defender"
759,"Julian","Eyestone",4,40,"0.0","535017.jpg","0.0",NA,NA,0,FALSE,"",NA,NA,NA,NA,"Goalkeeper"
780,"Iwan","Morgan",4,45,"0.0","533710.jpg","0.0",NA,NA,0,FALSE,"",NA,NA,NA,NA,"Forward"
113,"Simon","Adingra",5,51,"0.8","535818.jpg","0.3",100,100,0,FALSE,"","2024-09-29T22:30:06.392264Z",NA,NA,NA,"Midfielder"
114,"Benicio","Baker-Boaitey",5,45,"0.0","475480.jpg","0.0",0,0,0,FALSE,"Loaned to Port Vale","2024-08-10T12:17:28.055765Z",NA,NA,NA,"Midfielder"
115,"Carlos","Baleba",5,50,"2.5","535301.jpg","0.2",100,100,1,FALSE,"","2025-02-01T22:30:07.945590Z",NA,NA,NA,"Midfielder"
116,"Valentín","Barco",5,40,"0.0","543158.jpg","2.1",0,0,0,FALSE,"Loaned to Sevilla","2024-08-23T23:00:06.122778Z",NA,NA,NA,"Defender"
118,"Amario","Cozier-Duberry",5,45,"0.0","519324.jpg","0.0",0,0,0,FALSE,"Loaned to Blackburn Rovers","2024-08-31T06:29:40.845798Z",NA,NA,NA,"Midfielder"
119,"Mahmoud","Dahoud",5,49,"0.0","168090.jpg","0.0",0,0,0,FALSE,"Transferred to Eintracht Frankfurt","2024-08-31T06:30:37.645175Z",NA,NA,NA,"Midfielder"
120,"Lewis","Dunk",5,42,"0.0","83299.jpg","2.5",0,0,0,FALSE,"Rib Injury - Unknown return date","2025-02-10T09:30:07.007419Z",NA,4,NA,"Defender"
122,"Pervis","Estupiñán",5,49,"1.2","204214.jpg","0.8",100,100,1,FALSE,"","2025-01-26T12:00:08.902967Z",2,2,NA,"Defender"
124,"Billy","Gilmour",5,50,"0.0","243568.jpg","0.0",0,0,0,FALSE,"Transferred to Napoli","2024-08-31T06:42:09.507349Z",NA,NA,NA,"Midfielder"
125,"Pascal","Groß",5,65,"0.0","60307.jpg","0.0",0,0,0,FALSE,"Permanent transfer to Borussia Dortmund","2024-08-02T13:11:40.837259Z",NA,NA,NA,"Midfielder"
126,"Jack","Hinshelwood",5,49,"4.0","532529.jpg","0.1",100,100,1,FALSE,"","2024-11-10T01:30:07.476316Z",NA,NA,NA,"Midfielder"
127,"Ibrahim","Osman",5,50,"0.0","612855.jpg","0.0",0,0,0,FALSE,"Loaned to Feyenoord","2024-08-16T11:54:28.483822Z",NA,NA,NA,"Midfielder"
128,"Igor Julio","dos Santos de Paulo",5,43,"0.0","223434.jpg","0.1",0,0,0,FALSE,"Hamstring injury - Expected back 01 Jun","2025-01-04T22:00:07.109334Z",NA,NA,NA,"Defender"
129,"João Pedro","Junqueira de Jesus",5,55,"7.5","475168.jpg","13.6",100,100,4,FALSE,"","2025-01-09T16:30:08.389436Z",NA,NA,1,"Forward"
130,"Kacper","Kozłowski",5,45,"0.0","484658.jpg","0.0",0,0,0,FALSE,"Permanent transfer to Gaziantep FK","2024-07-22T09:03:00.342050Z",NA,NA,NA,"Midfielder"
131,"Tariq","Lamptey",5,44,"3.5","232792.jpg","0.4",100,0,1,FALSE,"","2025-03-03T01:00:07.467943Z",NA,NA,NA,"Defender"
132,"Solly","March",5,65,"0.5","109345.jpg","0.0",100,100,0,FALSE,"","2025-01-26T12:00:08.941531Z",NA,NA,NA,"Midfielder"
133,"Adrian","Mazilu",5,45,"0.0","550141.jpg","0.0",0,0,0,FALSE,"Has joined Vitesse Arnhem on loan for the rest of the season","2024-08-29T11:08:43.963582Z",NA,NA,NA,"Midfielder"
134,"James","Milner",5,50,"0.0","15157.jpg","0.0",0,0,0,FALSE,"Hamstring injury - Unknown return date","2024-08-31T21:00:04.655035Z",NA,NA,NA,"Midfielder"
135,"Yankuba","Minteh",5,50,"6.2","592031.jpg","1.8",100,100,2,FALSE,"","2025-01-12T22:30:08.694313Z",5,NA,NA,"Midfielder"
136,"Mitoma","Kaoru",5,65,"5.5","451340.jpg","10.0",100,100,1,FALSE,"","2025-03-03T01:00:07.487190Z",NA,NA,NA,"Midfielder"
137,"Jakub","Moder",5,44,"0.0","243505.jpg","0.5",0,0,0,FALSE,"Loaned to Feyenoord","2025-01-22T10:15:11.772489Z",NA,NA,NA,"Midfielder"
138,"Mark","O’Mahony",5,45,"0.0","574402.jpg","0.2",0,0,0,FALSE,"Season long to Portsmouth","2024-08-30T10:16:16.061223Z",NA,NA,NA,"Forward"
139,"Odeluga","Offiah",5,40,"0.0","445548.jpg","0.1",0,0,0,FALSE,"Loaned to Blackpool","2024-08-31T06:26:46.238644Z",NA,NA,NA,"Defender"
140,"Cameron","Peupion",5,44,"0.0","491598.jpg","0.1",0,0,0,FALSE,"Loaned to ADO Den Haag","2025-02-03T10:22:59.975748Z",NA,NA,NA,"Midfielder"
141,"Jeremy","Sarmiento Morante",5,49,"0.0","441192.jpg","0.0",0,0,0,FALSE,"Loaned to Burnley","2024-08-31T06:27:42.007071Z",NA,NA,NA,"Midfielder"
142,"Jason","Steele",5,41,"0.0","49262.jpg","0.8",0,0,0,FALSE,"Shoulder injury - Unknown return date","2025-01-24T16:00:08.785970Z",NA,NA,NA,"Goalkeeper"
143,"Deniz","Undav",5,55,"0.0","450434.jpg","0.0",0,0,0,FALSE,"Transferred to Stuttgart","2024-08-10T12:18:55.962223Z",NA,NA,NA,"Forward"
144,"Jan Paul","van Hecke",5,45,"5.8","469142.jpg","1.0",100,100,2,FALSE,"","2024-09-29T22:30:06.452903Z",NA,NA,NA,"Defender"
145,"Joël","Veltman",5,44,"1.5","111478.jpg","1.4",0,0,1,FALSE,"Foot injury - Unknown return date","2025-02-22T21:30:09.237196Z",NA,NA,NA,"Defender"
146,"Bart","Verbruggen",5,45,"5.2","489639.jpg","3.0",100,100,1,FALSE,"","2024-08-12T14:30:04.523944Z",NA,NA,NA,"Goalkeeper"
147,"Adam","Webster",5,43,"4.0","110735.jpg","0.1",100,100,0,FALSE,"","2024-12-23T14:30:07.986462Z",NA,NA,NA,"Defender"
148,"Danny","Welbeck",5,55,"4.0","50175.jpg","6.1",100,100,1,FALSE,"","2025-02-22T21:30:09.255845Z",NA,1,3,"Forward"
149,"Mats","Wieffer",5,47,"0.5","467779.jpg","0.1",100,100,0,FALSE,"","2024-12-21T22:00:08.030972Z",NA,NA,NA,"Midfielder"
595,"Brajan","Gruda",5,54,"1.0","513433.jpg","0.0",100,100,0,FALSE,"","2025-01-24T00:00:10.185786Z",NA,NA,NA,"Midfielder"
600,"Yasin","Ayari",5,50,"2.5","509416.jpg","0.0",100,100,0,FALSE,"","2025-02-01T22:30:08.709133Z",3,NA,NA,"Midfielder"
601,"Andrew","Moran",5,50,"0.0","513834.jpg","0.0",0,0,0,FALSE,"Loaned to Stoke City","2024-08-20T12:19:09.002604Z",NA,NA,NA,"Midfielder"
615,"Carl","Rushworth",5,39,"0.0","472739.jpg","0.1",100,100,0,FALSE,"","2024-08-31T06:28:38.039682Z",NA,NA,NA,"Goalkeeper"
618,"Georginio","Rutter",5,51,"4.5","463067.jpg","0.6",100,100,1,FALSE,"","2025-01-12T22:30:09.270999Z",NA,NA,NA,"Midfielder"
628,"Ferdi","Kadioglu",5,44,"0.0","231416.jpg","0.1",0,0,0,FALSE,"Toe Injury - Expected back 25 May","2024-11-10T01:30:09.967684Z",NA,NA,NA,"Defender"
629,"Matt","O'Riley",5,55,"0.2","219249.jpg","0.0",75,75,0,FALSE,"Knee injury - 75% chance of playing","2025-03-07T12:00:09.447793Z",1,NA,NA,"Midfielder"
663,"Imari","Samuels",5,40,"0.0","447720.jpg","0.0",0,0,0,FALSE,"Loaned to Dundee","2025-01-17T12:29:48.647053Z",NA,NA,NA,"Defender"
668,"Killian","Cahill",5,39,"0.0","565858.jpg","1.1",NA,NA,0,FALSE,"",NA,NA,NA,NA,"Goalkeeper"
681,"Ruairi","McConville",5,40,"0.0","539721.jpg","0.0",0,0,0,FALSE,"Loaned to Norwich City","2025-02-04T10:51:39.862174Z",NA,NA,NA,"Defender"
685,"Jacob","Slater",5,40,"0.0","589100.jpg","0.0",NA,NA,0,FALSE,"",NA,NA,NA,NA,"Defender"
714,"Diego","Gómez",5,55,"1.2","514254.jpg","0.0",100,100,0,FALSE,"","2025-01-09T16:30:09.168224Z",NA,NA,NA,"Midfielder"
739,"Fabian","Hürzeler",5,11,"12.2","100053901.jpg","2.6",NA,NA,0,FALSE,"",NA,NA,NA,NA,"Manager"
758,"Joe","Knight",5,45,"0.0","567121.jpg","0.0",NA,NA,0,FALSE,"",NA,NA,NA,NA,"Midfielder"
763,"Eiran","Cashin",5,45,"0.0","439135.jpg","0.0",NA,NA,0,FALSE,"",NA,NA,NA,NA,"Defender"
150,"Andrey","Nascimento dos Santos",6,45,"0.0","532605.jpg","0.0",0,0,0,FALSE,"Has joined Strasbourg on a season-long loan","2024-08-05T10:16:34.176364Z",NA,NA,NA,"Midfielder"
151,"Ângelo Gabriel","Borges Damaceno",6,45,"0.0","518620.jpg","0.1",0,0,0,FALSE,"Transferred to Al-Nassr","2024-09-05T10:38:18.297070Z",NA,NA,NA,"Midfielder"
153,"Benoît","Badiashile",6,42,"0.0","242880.jpg","0.1",100,100,0,FALSE,"","2024-12-16T10:30:07.655172Z",NA,NA,NA,"Defender"
154,"Lucas","Bergström",6,39,"0.0","482158.jpg","0.3",NA,NA,0,FALSE,"",NA,NA,NA,NA,"Goalkeeper"
155,"Marcus","Bettinelli",6,39,"0.0","122074.jpg","0.4",NA,NA,0,FALSE,"",NA,NA,NA,NA,"Goalkeeper"
157,"Moisés","Caicedo Corozo",6,49,"1.0","486672.jpg","1.0",NA,NA,0,FALSE,"",NA,NA,NA,NA,"Midfielder"
158,"Cesare","Casadei",6,44,"0.0","505187.jpg","0.1",0,0,0,FALSE,"Loaned to Torino","2025-02-03T10:23:25.268868Z",NA,NA,NA,"Midfielder"
159,"Trevoh","Chalobah",6,44,"0.5","180736.jpg","0.8",100,100,4,FALSE,"","2025-02-22T21:00:09.834402Z",NA,NA,NA,"Defender"
161,"Carney","Chukwuemeka",6,47,"0.0","478912.jpg","0.0",0,0,0,FALSE,"Loaned to Borussia Dortmund","2025-02-04T10:49:46.028103Z",NA,NA,NA,"Midfielder"
162,"Levi","Colwill",6,44,"4.0","460028.jpg","3.6",100,100,1,FALSE,"","2025-01-17T15:00:07.145576Z",NA,NA,NA,"Defender"
163,"Marc","Cucurella Saseta",6,52,"4.2","179268.jpg","8.3",100,100,3,FALSE,"","2024-12-16T09:30:06.586582Z",NA,NA,NA,"Defender"
164,"David Datro","Fofana",6,54,"0.0","520295.jpg","0.1",0,0,0,FALSE,"Transferred to AEK Athens","2024-09-11T14:26:52.770225Z",NA,NA,NA,"Forward"
165,"Deivid Washington","de Souza Eugênio",6,49,"0.0","617054.jpg","0.1",0,0,0,FALSE,"Loaned to Santos","2025-02-28T11:06:35.437245Z",NA,NA,NA,"Forward"
166,"Kiernan","Dewsbury-Hall",6,55,"0.5","215413.jpg","0.1",100,100,0,FALSE,"","2024-12-29T08:30:08.647462Z",NA,NA,NA,"Midfielder"
168,"Enzo","Fernández",6,47,"2.8","448047.jpg","4.1",100,100,1,FALSE,"","2025-01-17T15:00:07.174073Z",3,3,4,"Midfielder"
169,"Conor","Gallagher",6,59,"0.0","232787.jpg","0.1",0,0,0,FALSE,"Transferred to Atletico Madrid","2024-08-22T11:20:34.236891Z",NA,NA,NA,"Midfielder"
170,"Alfie","Gilchrist",6,40,"0.0","514280.jpg","0.0",0,0,0,FALSE,"Has joined Sheffield United on a season-long","2024-08-09T11:15:16.064928Z",NA,NA,NA,"Defender"
171,"Malo","Gusto",6,49,"2.0","482609.jpg","1.5",75,75,0,FALSE,"Knock - 75% chance of playing","2025-03-07T16:00:09.088488Z",NA,NA,NA,"Defender"
172,"Reece","James",6,48,"0.5","225796.jpg","1.0",100,100,0,FALSE,"","2024-11-21T14:00:08.020459Z",2,2,NA,"Defender"
173,"Omari","Kellyman",6,43,"0.0","549068.jpg","0.1",25,0,0,FALSE,"Lack of match fitness - 25% chance of playing","2024-09-08T23:00:06.668188Z",NA,NA,NA,"Midfielder"
174,"Roméo","Lavia",6,45,"0.0","514356.jpg","0.4",75,25,0,FALSE,"Lack of match fitness - 75% chance of playing","2025-01-17T15:00:07.202444Z",NA,NA,NA,"Midfielder"
175,"Romelu","Lukaku Bolingoli",6,63,"0.0","66749.jpg","0.2",0,0,0,FALSE,"Permanent transfer to Napoli","2024-08-30T10:21:53.872158Z",NA,NA,NA,"Forward"
176,"Malang","Sarr",6,45,"0.0","204727.jpg","0.0",0,0,0,FALSE,"Permanent move to RC Lens","2024-07-29T09:46:25.583703Z",NA,NA,NA,"Defender"
177,"Noni","Madueke",6,60,"0.2","248857.jpg","3.2",0,0,1,FALSE,"Hamstring injury - Expected back 03 Apr","2025-02-15T16:00:09.076234Z",NA,NA,3,"Midfielder"
178,"Marc","Guiu Paz",6,47,"0.0","499309.jpg","0.5",0,0,0,FALSE,"Hamstring injury - Expected back 03 Apr","2025-02-07T16:30:07.359889Z",NA,NA,NA,"Forward"
179,"Mykhailo","Mudryk",6,61,"0.0","465920.jpg","0.2",0,0,0,FALSE,"Suspended - unknown return date","2024-12-06T15:30:07.786308Z",NA,NA,NA,"Midfielder"
180,"Nicolas","Jackson",6,77,"0.0","517052.jpg","6.4",0,0,2,FALSE,"Hamstring injury - Expected back 03 Apr","2025-02-10T09:30:07.129820Z",NA,NA,NA,"Forward"
181,"Christopher","Nkunku",6,57,"3.8","213198.jpg","2.9",NA,NA,2,FALSE,"",NA,NA,NA,2,"Midfielder"
182,"Cole","Palmer",6,110,"1.8","244851.jpg","58.8",100,100,6,TRUE,"","2025-01-17T15:00:07.230312Z",1,1,1,"Midfielder"
183,"Đorđe","Petrović",6,44,"0.0","457569.jpg","0.2",0,0,0,FALSE,"Loaned to Strasbourg","2024-08-31T06:26:07.653045Z",NA,NA,NA,"Goalkeeper"
184,"Renato","Palma Veiga",6,44,"0.0","551230.jpg","0.1",0,0,0,FALSE,"Loaned to Juventus","2025-01-30T11:39:46.371988Z",NA,NA,NA,"Midfielder"
185,"Robert","Sánchez",6,45,"0.0","215059.jpg","6.9",NA,NA,2,FALSE,"",NA,NA,NA,NA,"Goalkeeper"
187,"Tosin","Adarabioyo",6,42,"2.5","109646.jpg","0.4",NA,NA,0,FALSE,"",NA,NA,NA,NA,"Defender"
189,"Wesley","Fofana",6,43,"0.0","444463.jpg","0.3",100,100,0,FALSE,"","2024-12-02T00:00:08.059563Z",NA,NA,NA,"Defender"
386,"Jadon","Sancho",6,62,"1.5","209243.jpg","1.0",100,100,0,FALSE,"","2024-11-07T09:00:07.812014Z",NA,NA,NA,"Midfielder"
560,"Pedro","Lomba Neto",6,63,"4.5","247632.jpg","2.4",100,100,1,FALSE,"","2024-12-09T09:30:06.764738Z",4,NA,NA,"Midfielder"
575,"Caleb","Wiley",6,40,"0.0","488464.jpg","0.0",0,0,0,FALSE,"Loaned to Strasbourg","2024-08-13T07:07:06.645739Z",NA,NA,NA,"Defender"
581,"Filip","Jørgensen",6,42,"2.5","508479.jpg","1.0",100,100,0,FALSE,"","2024-11-21T08:30:09.544798Z",NA,NA,NA,"Goalkeeper"
621,"João","Félix Sequeira",6,59,"0.0","428399.jpg","0.4",0,0,0,FALSE,"Loaned to Milan","2025-02-04T23:54:41.208950Z",NA,NA,NA,"Midfielder"
695,"Samuel","Rak-Sakyi",6,45,"0.0","547692.jpg","0.0",NA,NA,0,FALSE,"",NA,NA,NA,NA,"Midfielder"
696,"Tyrique","George",6,45,"1.2","550615.jpg","0.0",NA,NA,0,FALSE,"",NA,NA,NA,NA,"Midfielder"
697,"Josh","Acheampong",6,40,"0.2","577016.jpg","0.1",NA,NA,0,FALSE,"",NA,NA,NA,NA,"Defender"
740,"Enzo","Maresca",6,15,"3.2","100048548.jpg","9.8",NA,NA,0,FALSE,"",NA,NA,NA,NA,"Manager"
771,"Mathis","Amougou",6,45,"0.2","609640.jpg","0.0",NA,NA,0,FALSE,"",NA,NA,NA,NA,"Midfielder"
774,"Aaron","Anselmino",6,40,"0.0","622758.jpg","0.0",NA,NA,0,FALSE,"",NA,NA,NA,NA,"Defender"
781,"Shumaira","Mheuka",6,45,"0.3","567119.jpg","0.0",NA,NA,0,FALSE,"",NA,NA,NA,NA,"Forward"
782,"Ishé","Samuels-Smith",6,40,"0.0","536238.jpg","0.0",NA,NA,0,FALSE,"",NA,NA,NA,NA,"Defender"
11,"Eddie","Nketiah",7,59,"2.2","205533.jpg","1.3",100,100,0,FALSE,"","2025-02-12T09:00:08.817715Z",NA,NA,NA,"Forward"
160,"Ben","Chilwell",7,46,"0.5","172850.jpg","0.5",100,100,0,FALSE,"","2025-02-04T10:50:12.317905Z",NA,NA,NA,"Defender"
190,"Naouirou","Ahamada",7,45,"0.0","466117.jpg","0.1",0,0,0,FALSE,"Loaned to Rennes","2024-08-31T06:25:25.419519Z",NA,NA,NA,"Midfielder"
193,"Cheick","Doucouré",7,49,"0.0","438464.jpg","0.0",0,0,0,FALSE,"Knee injury - Expected back 01 Jun","2025-01-24T16:00:08.864027Z",NA,NA,NA,"Midfielder"
194,"Chris","Richards",7,44,"4.8","427623.jpg","0.2",100,100,0,FALSE,"","2024-09-27T15:30:06.509919Z",NA,NA,NA,"Defender"
195,"Chadi","Riad Dnanou",7,43,"0.0","515621.jpg","0.0",0,0,0,FALSE,"Knee injury - Unknown return date","2025-01-24T16:00:08.878612Z",NA,NA,NA,"Defender"
196,"Nathaniel","Clyne",7,43,"0.0","57328.jpg","0.1",NA,NA,0,FALSE,"",NA,NA,NA,NA,"Defender"
197,"Malcolm","Ebiowei",7,45,"0.0","450535.jpg","0.0",0,0,0,FALSE,"Season long loan to Oxford United","2024-08-06T17:23:26.723638Z",NA,NA,NA,"Midfielder"
199,"Eberechi","Eze",7,67,"3.0","232413.jpg","8.1",100,100,1,FALSE,"","2025-01-31T15:00:08.813444Z",1,1,2,"Midfielder"
200,"Marc","Guéhi",7,47,"4.0","209036.jpg","9.0",100,100,2,FALSE,"","2024-12-27T00:30:09.395954Z",NA,NA,NA,"Defender"
201,"Dean","Henderson",7,46,"5.0","172649.jpg","13.2",100,100,3,FALSE,"","2025-01-12T22:00:08.068713Z",NA,NA,NA,"Goalkeeper"
202,"Rob","Holding",7,42,"0.0","156074.jpg","0.1",0,0,0,FALSE,"Loaned to Sheffield United","2025-02-04T10:48:47.594320Z",NA,NA,NA,"Defender"
203,"Will","Hughes",7,49,"1.8","108413.jpg","0.0",0,0,0,FALSE,"Suspended until 05 Apr","2025-02-26T00:00:08.028332Z",2,NA,NA,"Midfielder"
205,"Daichi","Kamada",7,51,"1.0","209400.jpg","0.1",100,100,0,FALSE,"","2024-11-09T20:00:07.600072Z",5,NA,NA,"Midfielder"
206,"Jefferson","Lerma Solís",7,48,"1.8","152551.jpg","0.0",100,100,0,FALSE,"","2025-01-16T09:30:08.072744Z",NA,NA,NA,"Midfielder"
207,"Jean-Philippe","Mateta",7,75,"5.0","231747.jpg","7.1",0,0,3,FALSE,"Head injury - Expected back 02 Apr","2025-03-01T21:30:09.404720Z",NA,NA,1,"Forward"
208,"Matheus","França de Oliveira",7,44,"0.0","536694.jpg","0.2",100,100,0,FALSE,"","2024-09-27T15:30:06.533416Z",NA,NA,NA,"Midfielder"
209,"Remi","Matthews",7,39,"0.0","169593.jpg","0.6",NA,NA,0,FALSE,"",NA,NA,NA,NA,"Goalkeeper"
210,"Tyrick","Mitchell",7,48,"4.8","244723.jpg","2.0",NA,NA,1,FALSE,"",NA,NA,NA,NA,"Defender"
211,"Daniel","Muñoz",7,50,"6.0","247348.jpg","14.6",100,100,3,TRUE,"","2024-12-16T09:30:06.692125Z",NA,NA,NA,"Defender"
212,"David","Ozoh",7,45,"0.0","531989.jpg","0.0",0,0,0,FALSE,"Season long loan to Derby County","2024-07-26T08:51:53.649693Z",NA,NA,NA,"Midfielder"
213,"Jesurun","Rak-Sakyi",7,45,"0.0","450542.jpg","0.0",0,0,0,FALSE,"Loaned to Sheffield United","2024-08-20T12:16:48.741122Z",NA,NA,NA,"Midfielder"
214,"Jeffrey","Schlupp",7,46,"0.0","86417.jpg","0.0",0,0,0,FALSE,"Loaned to Celtic","2025-02-04T10:49:14.192450Z",NA,NA,NA,"Midfielder"
215,"Joel","Ward",7,43,"0.0","55494.jpg","0.1",0,0,0,FALSE,"Unknown - Unknown return date","2025-01-24T16:00:08.907673Z",NA,NA,NA,"Defender"
216,"Adam","Wharton",7,47,"1.5","496221.jpg","0.1",100,100,0,FALSE,"","2024-11-01T16:30:07.622710Z",4,NA,NA,"Midfielder"
445,"Matt","Turner",7,39,"0.0","224068.jpg","9.0",100,100,0,FALSE,"","2024-10-05T17:30:07.013947Z",NA,NA,NA,"Goalkeeper"
585,"Ismaïla","Sarr",7,56,"7.8","232185.jpg","3.1",100,100,4,FALSE,"","2025-01-17T15:00:07.869411Z",NA,NA,NA,"Midfielder"
644,"Franco","Umeh-Chibueze",7,44,"0.0","574398.jpg","0.0",100,100,0,FALSE,"","2024-11-13T09:30:08.263810Z",NA,NA,NA,"Midfielder"
645,"Justin","Devenny",7,45,"0.8","489706.jpg","0.1",NA,NA,0,FALSE,"",NA,3,2,NA,"Midfielder"
646,"Asher","Agbinone",7,45,"0.0","579075.jpg","0.0",0,0,0,FALSE,"Loaned to Gillingham","2025-01-22T10:13:54.779905Z",NA,NA,NA,"Midfielder"
647,"Kaden","Rodney",7,45,"0.0","530318.jpg","0.0",NA,NA,0,FALSE,"",NA,NA,NA,NA,"Midfielder"
650,"Maxence","Lacroix",7,45,"4.5","437499.jpg","1.0",NA,NA,1,FALSE,"",NA,NA,NA,NA,"Defender"
666,"Caleb","Kporha",7,40,"0.0","590012.jpg","0.0",NA,NA,0,FALSE,"",NA,NA,NA,NA,"Defender"
676,"Zach","Marsh",7,45,"0.0","576980.jpg","0.3",NA,NA,0,FALSE,"",NA,NA,NA,NA,"Forward"
730,"Romain","Esse",7,48,"0.2","606921.jpg","0.1",NA,NA,0,FALSE,"",NA,NA,NA,NA,"Midfielder"
741,"Oliver","Glasner",7,8,"12.5","100044409.jpg","10.4",NA,NA,0,FALSE,"",NA,NA,NA,NA,"Manager"
156,"Armando","Broja",8,53,"0.0","440323.jpg","0.0",0,0,0,FALSE,"Ankle injury - Expected back 02 Apr","2025-01-04T19:30:08.180664Z",NA,NA,NA,"Forward"
217,"Abdoulaye","Doucouré",8,51,"2.6","121599.jpg","0.5",100,100,0,FALSE,"","2025-02-12T22:30:09.537351Z",NA,NA,NA,"Midfielder"
218,"Norberto Bercique","Gomes Betuncal",8,51,"5.2","486385.jpg","7.9",NA,NA,1,FALSE,"",NA,NA,NA,NA,"Forward"
219,"Jarrad","Branthwaite",8,48,"2.2","480455.jpg","1.6",100,100,0,FALSE,"","2024-11-14T10:00:08.223634Z",NA,NA,NA,"Defender"
220,"Dominic","Calvert-Lewin",8,54,"0.0","177815.jpg","1.1",0,0,1,FALSE,"Hamstring injury - Unknown return date","2025-01-25T21:00:09.935532Z",NA,NA,1,"Forward"
221,"Séamus","Coleman",8,43,"0.0","59949.jpg","0.0",100,50,0,FALSE,"","2025-01-17T15:30:08.311911Z",NA,NA,NA,"Defender"
222,"Idrissa","Gueye",8,48,"1.8","80801.jpg","0.4",100,100,0,FALSE,"","2024-09-19T14:30:05.586621Z",NA,NA,NA,"Midfielder"
223,"James","Garner",8,49,"1.6","232928.jpg","0.0",100,100,0,FALSE,"","2024-10-17T14:00:07.870350Z",NA,2,NA,"Midfielder"
224,"Jack","Harrison",8,52,"4.2","221399.jpg","0.1",100,100,1,FALSE,"","2024-09-19T14:30:05.601507Z",NA,NA,NA,"Midfielder"
225,"Mason","Holgate",8,40,"0.0","194164.jpg","0.1",0,0,0,FALSE,"Loaned to West Bromwich Albion","2024-08-31T08:24:25.909228Z",NA,NA,NA,"Defender"
226,"Tim","Iroegbunam",8,43,"1.4","490094.jpg","0.7",100,100,0,FALSE,"","2024-10-17T14:00:07.887629Z",NA,NA,NA,"Midfielder"
227,"João","Neves Virgínia",8,39,"0.0","222627.jpg","0.6",NA,NA,0,FALSE,"",NA,NA,NA,NA,"Goalkeeper"
228,"Michael","Keane",8,39,"0.0","106611.jpg","4.3",100,100,1,FALSE,"","2024-12-06T10:30:07.770742Z",NA,NA,NA,"Defender"
229,"Neal","Maupay",8,49,"0.0","115382.jpg","0.2",0,0,0,FALSE,"Transferred to Marseille","2024-08-31T06:13:30.372925Z",NA,NA,NA,"Forward"
230,"Dwight","McNeil",8,51,"0.0","433154.jpg","1.2",0,0,2,FALSE,"Knee injury - Expected back 02 Apr","2024-12-14T22:30:07.956313Z",1,NA,NA,"Midfielder"
231,"Vitalii","Mykolenko",8,44,"2.4","224967.jpg","8.8",100,100,0,FALSE,"","2024-10-07T00:30:07.641913Z",NA,NA,NA,"Defender"
232,"Iliman","Ndiaye",8,53,"0.2","440993.jpg","1.3",0,0,1,FALSE,"Knee injury - Unknown return date","2025-02-12T22:30:09.619740Z",NA,NA,NA,"Forward"
234,"Nathan","Patterson",8,44,"0.0","243571.jpg","0.0",100,100,0,FALSE,"","2025-02-12T12:30:09.421305Z",NA,NA,NA,"Defender"
235,"Jordan","Pickford",8,51,"1.8","111234.jpg","18.6",NA,NA,4,FALSE,"",NA,NA,NA,NA,"Goalkeeper"
236,"James","Tarkowski",8,49,"2.8","17761.jpg","3.6",100,100,2,FALSE,"","2024-09-18T22:30:07.010253Z",NA,NA,NA,"Defender"
237,"Youssef","Ramalho Chermiti",8,49,"0.0","491012.jpg","0.0",100,100,0,FALSE,"","2025-01-04T19:30:08.340445Z",NA,NA,NA,"Forward"
238,"Ashley","Young",8,45,"1.2","18892.jpg","2.0",100,100,1,FALSE,"","2024-12-23T10:00:08.166370Z",NA,1,NA,"Defender"
450,"Carlos","Alcaraz Durán",8,49,"3.2","502697.jpg","0.1",100,100,1,FALSE,"","2025-02-28T11:07:29.233196Z",NA,NA,NA,"Midfielder"
577,"Jesper","Lindstrøm",8,50,"2.2","463903.jpg","0.1",NA,NA,0,FALSE,"",NA,2,1,NA,"Midfielder"
582,"Jake","O'Brien",8,45,"3.0","512462.jpg","0.3",NA,NA,1,FALSE,"",NA,NA,NA,NA,"Defender"
603,"Harrison","Armstrong",8,44,"0.0","609873.jpg","0.1",0,0,0,FALSE,"Loaned to Derby County","2025-02-04T10:31:41.928684Z",NA,NA,NA,"Midfielder"
614,"Jenson","Metcalfe",8,45,"0.0","491557.jpg","0.0",0,0,0,FALSE,"Season long loan to Chesterfield","2024-09-01T09:13:11.888586Z",NA,NA,NA,"Midfielder"
624,"Asmir","Begovic",8,40,"0.0","40349.jpg","0.2",NA,NA,0,FALSE,"",NA,NA,NA,NA,"Goalkeeper"
627,"Roman","Dixon",8,40,"0.0","496178.jpg","0.1",NA,NA,0,FALSE,"",NA,NA,NA,NA,"Defender"
651,"Orel","Mangala",8,50,"0.0","179519.jpg","0.0",0,0,0,FALSE,"Knee injury - Expected back 01 Jun","2025-01-25T21:00:10.987581Z",NA,NA,NA,"Midfielder"
678,"Callum","Bates",8,45,"0.0","547801.jpg","0.0",NA,NA,0,FALSE,"",NA,NA,NA,NA,"Midfielder"
724,"Martin","Sherif",8,45,"0.0","536241.jpg","0.1",NA,NA,0,FALSE,"",NA,NA,NA,NA,"Forward"
742,"David","Moyes",8,5,"6.2","100000084.jpg","14.2",NA,NA,0,FALSE,"",NA,NA,NA,NA,"Manager"
773,"Isaac","Heath",8,45,"0.0","496279.jpg","0.0",NA,NA,0,FALSE,"",NA,NA,NA,NA,"Midfielder"
775,"Coby","Ebere",8,45,"0.0","504296.jpg","0.0",NA,NA,0,FALSE,"",NA,NA,NA,NA,"Midfielder"
10,"Reiss","Nelson",9,50,"0.0","200641.jpg","0.0",0,0,0,FALSE,"Hamstring injury - Expected back 25 May","2024-12-05T00:30:07.571778Z",4,NA,NA,"Midfielder"
19,"Emile","Smith Rowe",9,51,"3.0","209289.jpg","8.3",100,100,1,FALSE,"","2025-02-22T21:00:09.606178Z",NA,NA,NA,"Midfielder"
191,"Joachim","Andersen",9,42,"0.8","174874.jpg","3.7",100,100,0,FALSE,"","2024-12-20T17:00:08.228623Z",NA,NA,NA,"Defender"
239,"Adama","Traoré",9,46,"3.8","159533.jpg","1.6",75,75,0,FALSE,"Ankle injury - 75% chance of playing","2025-03-03T01:00:07.621217Z",NA,NA,NA,"Midfielder"
240,"Andreas","Hoelgebaum Pereira",9,49,"2.5","156689.jpg","0.9",100,100,0,FALSE,"","2024-12-14T22:00:08.101494Z",1,1,1,"Midfielder"
241,"Calvin","Bassey",9,45,"2.8","232892.jpg","0.6",100,100,1,FALSE,"","2024-12-09T09:30:06.333045Z",NA,NA,NA,"Defender"
242,"Steven","Benda",9,39,"0.0","428971.jpg","0.4",NA,NA,0,FALSE,"",NA,NA,NA,NA,"Goalkeeper"
243,"Tom","Cairney",9,48,"0.2","76357.jpg","0.0",100,100,0,FALSE,"","2025-02-22T21:00:09.945910Z",NA,NA,NA,"Midfielder"
244,"Timothy","Castagne",9,42,"1.5","166477.jpg","1.6",100,100,0,FALSE,"","2024-10-18T17:30:07.030897Z",NA,NA,NA,"Defender"
245,"Issa","Diop",9,44,"1.0","219924.jpg","0.2",NA,NA,0,FALSE,"",NA,NA,NA,NA,"Defender"
246,"Luke","Harris",9,45,"0.0","515024.jpg","0.0",0,0,0,FALSE,"Season long loan to Birmingham City","2024-08-06T17:24:03.566492Z",NA,NA,NA,"Midfielder"
247,"Alex","Iwobi",9,56,"2.5","153133.jpg","4.7",NA,NA,3,FALSE,"",NA,NA,NA,NA,"Midfielder"
248,"Bernd","Leno",9,50,"2.0","80201.jpg","2.7",NA,NA,0,FALSE,"",NA,NA,NA,NA,"Goalkeeper"
249,"Saša","Lukić",9,48,"1.2","212314.jpg","0.0",0,0,0,FALSE,"Suspended until 01 Apr","2025-02-26T00:00:08.147182Z",2,NA,3,"Midfielder"
250,"Kevin","Mbabu",9,40,"0.0","120721.jpg","0.1",0,0,0,FALSE,"Transferred to FC Midtjylland","2024-08-31T06:24:47.127908Z",NA,NA,NA,"Defender"
251,"Rodrigo","Muniz Carvalho",9,55,"3.0","244042.jpg","1.6",100,100,1,FALSE,"","2025-01-11T01:30:08.863909Z",NA,NA,NA,"Forward"
252,"Raúl","Jiménez",9,55,"4.0","102057.jpg","7.4",NA,NA,2,FALSE,"",NA,NA,NA,2,"Forward"
253,"Tim","Ream",9,45,"0.0","82514.jpg","0.0",0,0,0,FALSE,"Permanent transfer to Charlotte FC","2024-08-09T11:16:10.995330Z",NA,NA,NA,"Defender"
254,"Harrison","Reed",9,47,"0.5","153366.jpg","0.0",100,100,0,FALSE,"","2024-11-22T17:00:09.110556Z",NA,NA,NA,"Midfielder"
255,"Antonee","Robinson",9,50,"0.8","169528.jpg","24.3",NA,NA,0,FALSE,"",NA,NA,NA,NA,"Defender"
256,"Jay","Stansfield",9,50,"0.0","490146.jpg","0.0",0,0,0,FALSE,"Transferred to Birmingham City","2024-08-31T09:25:38.042723Z",NA,NA,NA,"Forward"
257,"Kenny","Tete",9,44,"0.0","167074.jpg","0.2",0,0,0,FALSE,"Knee injury - Expected back 01 Apr","2024-12-14T22:30:08.002508Z",NA,NA,NA,"Defender"
258,"Carlos Vinícius","Alves Morais",9,50,"0.0","245824.jpg","0.3",100,100,0,FALSE,"","2024-09-13T15:30:06.747794Z",NA,NA,NA,"Forward"
259,"Harry","Wilson",9,52,"0.0","153682.jpg","0.2",0,0,1,FALSE,"Foot injury - Expected back 01 Apr","2025-01-27T01:00:08.787656Z",3,3,NA,"Midfielder"
579,"Ryan","Sessegnon",9,41,"2.5","184349.jpg","0.2",100,100,0,FALSE,"","2024-11-29T14:30:06.735790Z",NA,NA,NA,"Defender"
586,"Jorge","Cuenca Barreno",9,44,"0.5","246301.jpg","0.0",100,100,0,FALSE,"","2024-11-29T14:30:06.749491Z",NA,NA,NA,"Defender"
604,"Josh","King",9,44,"0.0","577725.jpg","0.1",NA,NA,0,FALSE,"",NA,NA,NA,NA,"Midfielder"
605,"Martial","Godo",9,44,"0.0","573062.jpg","0.0",NA,NA,0,FALSE,"",NA,NA,NA,NA,"Midfielder"
622,"Sander","Berge",9,50,"1.2","207189.jpg","0.0",100,100,0,FALSE,"","2024-12-23T10:00:08.707768Z",NA,NA,NA,"Midfielder"
690,"Samuel","Amissah",9,40,"0.0","591385.jpg","0.0",NA,NA,0,FALSE,"",NA,NA,NA,NA,"Defender"
753,"Marco Alexandre","Saraiva da Silva",9,11,"6.8","100041800.jpg","0.8",NA,NA,0,FALSE,"",NA,NA,NA,NA,"Manager"
772,"Willian","Borges da Silva",9,50,"1.0","47431.jpg","0.0",NA,NA,0,FALSE,"",NA,NA,NA,NA,"Midfielder"
121,"Julio","Enciso",10,54,"0.8","474120.jpg","0.1",100,50,0,FALSE,"","2025-02-15T18:30:08.525864Z",5,3,NA,"Midfielder"
260,"Ali","Al-Hamadi",10,47,"0.0","462387.jpg","0.2",0,0,0,FALSE,"Loaned to Stoke City","2025-01-27T09:58:45.208139Z",NA,NA,2,"Forward"
261,"Elkan","Baggott",10,40,"0.0","517178.jpg","0.0",0,0,0,FALSE,"Season long loan to Blackpool","2024-08-07T08:20:38.133494Z",NA,NA,NA,"Defender"
262,"Nathan","Broadhead",10,49,"0.8","173818.jpg","0.0",100,100,0,FALSE,"","2024-11-13T14:30:07.893005Z",NA,1,3,"Midfielder"
263,"Cameron","Burgess",10,38,"0.0","122411.jpg","1.9",100,50,0,FALSE,"","2025-03-06T03:00:08.001952Z",NA,NA,NA,"Defender"
264,"Wes","Burns",10,48,"0.0","149929.jpg","0.0",0,0,0,FALSE,"Knee injury - Expected back 01 Jun","2025-01-25T21:00:10.042481Z",NA,NA,NA,"Midfielder"
265,"Conor","Chaplin",10,51,"0.0","196411.jpg","0.1",25,25,0,FALSE,"Knee injury - 25% chance of playing","2025-01-03T20:00:09.216849Z",NA,NA,NA,"Midfielder"
266,"Harry","Clarke",10,40,"0.0","232228.jpg","0.1",0,0,0,FALSE,"Loaned to Sheffield United","2025-02-03T10:21:05.274215Z",NA,NA,NA,"Defender"
267,"Leif","Davis",10,43,"0.8","455084.jpg","1.2",100,100,2,FALSE,"","2025-02-15T18:30:08.805291Z",1,4,NA,"Defender"
268,"Liam","Delap",10,56,"3.2","463034.jpg","3.6",100,100,1,FALSE,"","2024-12-16T09:30:06.820569Z",NA,NA,NA,"Forward"
269,"George","Edmundson",10,40,"0.0","214964.jpg","0.1",0,0,0,FALSE,"Loaned to Middlesbrough","2024-08-31T08:22:49.668219Z",NA,NA,NA,"Defender"
270,"Jacob","Greaves",10,39,"0.8","449429.jpg","4.3",100,100,0,FALSE,"","2024-11-22T17:30:09.014564Z",NA,NA,NA,"Defender"
271,"Marcus","Myers-Harness",10,49,"0.0","167191.jpg","0.0",0,0,0,FALSE,"Loaned to Derby County","2024-08-31T08:21:56.022360Z",NA,NA,NA,"Midfielder"
272,"George","Hirst",10,54,"1.0","222625.jpg","0.0",100,100,1,FALSE,"","2024-11-22T17:00:09.158802Z",NA,NA,1,"Forward"
273,"Cameron","Humphreys",10,45,"0.0","524180.jpg","0.0",0,0,0,FALSE,"Loaned to Wycombe","2024-08-23T12:39:48.370081Z",NA,NA,NA,"Midfielder"
274,"Omari","Giraud-Hutchinson",10,52,"4.0","503301.jpg","0.3",100,50,0,FALSE,"","2025-03-01T10:30:09.181643Z",NA,3,NA,"Midfielder"
275,"Ben","Johnson",10,39,"0.8","222018.jpg","2.0",100,100,0,FALSE,"","2024-11-25T09:30:07.489482Z",NA,NA,NA,"Defender"
276,"Freddie","Ladapo",10,45,"0.0","94926.jpg","0.4",0,0,0,FALSE,"Mutual termination of contract","2024-08-31T06:23:26.859072Z",NA,NA,NA,"Forward"
277,"Massimo","Luongo",10,44,"0.2","106606.jpg","0.2",100,100,0,FALSE,"","2024-12-25T22:30:08.205367Z",NA,NA,NA,"Midfielder"
278,"Sam","Morsy",10,48,"0.0","74944.jpg","0.1",100,100,0,FALSE,"","2025-02-15T18:30:08.820018Z",NA,NA,NA,"Midfielder"
279,"Corrie","Ndaba",10,40,"0.0","246265.jpg","0.0",0,0,0,FALSE,"Permanent transfer to Kilmarnock","2024-08-01T06:52:12.954431Z",NA,NA,NA,"Defender"
280,"Cieran","Slicker",10,39,"0.0","434044.jpg","0.7",NA,NA,0,FALSE,"",NA,NA,NA,NA,"Goalkeeper"
281,"Jack","Taylor",10,48,"1.0","231899.jpg","0.0",100,100,0,FALSE,"","2024-11-22T17:30:09.045912Z",NA,NA,NA,"Midfielder"
282,"Axel","Tuanzebe",10,39,"0.5","180804.jpg","1.5",0,0,0,FALSE,"Hamstring injury - Unknown return date","2025-03-06T03:00:08.104557Z",NA,NA,NA,"Defender"
283,"Christian","Walton",10,43,"0.0","108813.jpg","0.2",100,100,1,FALSE,"","2025-02-05T18:30:08.721535Z",NA,NA,NA,"Goalkeeper"
284,"Luke","Woolfenden",10,39,"0.8","220583.jpg","1.3",NA,NA,0,FALSE,"",NA,NA,NA,NA,"Defender"
359,"Kalvin","Phillips",10,48,"1.0","155405.jpg","0.1",100,75,0,FALSE,"","2025-02-22T21:00:10.045943Z",2,2,NA,"Midfielder"
568,"Arijanet","Muric",10,44,"0.0","232917.jpg","0.7",0,0,0,FALSE,"Shoulder injury - Unknown return date","2025-03-06T23:00:09.971632Z",NA,NA,NA,"Goalkeeper"
569,"Jaden","Philogene",10,53,"5.0","481624.jpg","0.1",100,100,1,FALSE,"","2025-01-03T19:30:09.849805Z",NA,NA,NA,"Midfielder"
583,"Conor","Townsend",10,39,"0.5","108053.jpg","0.6",NA,NA,0,FALSE,"",NA,NA,NA,NA,"Defender"
611,"Sam","Szmodics",10,57,"0.2","172453.jpg","0.2",0,0,0,FALSE,"Ankle injury - Expected back 18 May","2025-03-06T03:00:08.694060Z",3,NA,NA,"Midfielder"
619,"Jens","Cajuste",10,45,"1.8","454667.jpg","0.1",100,100,0,FALSE,"","2025-02-22T21:00:10.320626Z",NA,NA,NA,"Midfielder"
630,"Dara","O'Shea",10,39,"1.0","216616.jpg","1.4",100,100,0,FALSE,"","2024-10-18T17:30:07.558521Z",NA,NA,NA,"Defender"
631,"Jack","Clarke",10,54,"2.5","443261.jpg","0.0",NA,NA,0,FALSE,"",NA,NA,NA,NA,"Midfielder"
632,"Chiedozie","Ogbene",10,48,"0.0","229164.jpg","0.0",0,0,0,FALSE,"Achilles injury - Expected back 01 Jun","2024-10-26T20:00:08.138345Z",NA,NA,NA,"Midfielder"
715,"Ben","Godfrey",10,40,"-0.2","198826.jpg","0.0",NA,NA,0,FALSE,"",NA,NA,NA,NA,"Defender"
743,"Kieran","McKenna",10,5,"3.0","100047417.jpg","0.2",NA,NA,0,FALSE,"",NA,NA,NA,NA,"Manager"
764,"Alex","Palmer",10,45,"2.2","112520.jpg","0.0",NA,NA,0,FALSE,"",NA,NA,NA,NA,"Goalkeeper"
117,"Facundo","Buonanotte",11,46,"0.8","536916.jpg","0.5",100,100,1,FALSE,"","2024-12-05T00:30:07.817700Z",3,NA,NA,"Midfielder"
192,"Jordan","Ayew",11,52,"0.8","80146.jpg","0.2",100,100,0,FALSE,"","2024-12-27T00:30:09.361030Z",NA,2,2,"Midfielder"
198,"Odsonne","Edouard",11,51,"0.0","199670.jpg","0.2",100,100,0,FALSE,"","2025-01-04T19:30:08.259088Z",NA,NA,NA,"Forward"
285,"Boubakary","Soumaré",11,44,"1.5","225902.jpg","0.4",100,100,0,FALSE,"","2024-12-09T09:30:06.376244Z",NA,NA,NA,"Midfielder"
286,"Tom","Cannon",11,45,"0.0","461416.jpg","0.3",0,0,0,FALSE,"Loaned to Stoke City","2024-08-31T06:20:48.397195Z",NA,NA,NA,"Forward"
287,"Hamza","Choudhury",11,44,"0.0","197469.jpg","1.5",0,0,0,FALSE,"Loaned to Sheffield United","2025-01-30T11:40:47.663636Z",NA,NA,NA,"Midfielder"
288,"Conor","Coady",11,40,"0.2","94147.jpg","0.3",100,100,0,FALSE,"","2024-08-12T14:30:04.626270Z",NA,NA,NA,"Defender"
289,"Patson","Daka",11,48,"0.5","245419.jpg","0.6",100,100,0,FALSE,"","2024-08-12T14:30:04.636525Z",NA,NA,3,"Forward"
290,"Bobby","De Cordova-Reid",11,52,"1.0","96994.jpg","0.1",100,100,0,FALSE,"","2024-11-08T16:00:07.429188Z",NA,NA,NA,"Midfielder"
291,"Wout","Faes",11,39,"0.5","218218.jpg","6.1",100,100,0,FALSE,"","2024-12-27T02:00:09.574693Z",NA,NA,NA,"Defender"
292,"Michael","Golding",11,44,"0.0","549640.jpg","0.2",NA,NA,0,FALSE,"",NA,NA,NA,NA,"Midfielder"
293,"Mads","Hermansen",11,44,"1.0","467189.jpg","0.4",100,100,0,FALSE,"","2024-12-14T22:30:08.086057Z",NA,NA,NA,"Goalkeeper"
294,"Daniel","Iversen",11,39,"0.0","207270.jpg","0.8",NA,NA,0,FALSE,"",NA,NA,NA,NA,"Goalkeeper"
295,"James","Justin",11,41,"0.5","220627.jpg","1.2",100,100,2,FALSE,"","2025-02-15T16:00:09.207526Z",NA,NA,NA,"Defender"
296,"Victor","Kristiansen",11,44,"0.5","481510.jpg","0.1",100,100,0,FALSE,"","2025-02-10T09:30:07.256147Z",1,NA,NA,"Defender"
297,"Wanya","Marçal-Madivádua",11,45,"0.0","461584.jpg","0.0",0,0,0,FALSE,"Loaned to De Graafschap","2024-08-31T06:21:32.289998Z",NA,NA,NA,"Midfielder"
298,"Stephy","Mavididi",11,50,"0.8","154048.jpg","0.3",NA,NA,0,FALSE,"",NA,NA,1,4,"Midfielder"
299,"Kasey","McAteer",11,47,"0.0","461587.jpg","0.0",100,100,0,FALSE,"","2024-12-29T08:30:08.854035Z",NA,NA,NA,"Midfielder"
300,"Wilfred","Ndidi",11,49,"1.5","203341.jpg","0.2",100,100,1,FALSE,"","2024-12-09T09:30:06.387859Z",NA,NA,NA,"Midfielder"
301,"Caleb","Okoli",11,40,"0.2","473341.jpg","0.6",100,100,0,FALSE,"","2025-02-22T02:00:07.447724Z",NA,NA,NA,"Defender"
302,"Ricardo","Barbosa Pereira",11,41,"0.0","111931.jpg","0.1",100,100,0,FALSE,"","2024-11-10T23:00:07.847243Z",NA,NA,NA,"Defender"
303,"Harry","Souttar",11,40,"0.0","194190.jpg","0.0",0,0,0,FALSE,"Season long loan to Sheffield United","2024-08-07T08:21:01.638839Z",NA,NA,NA,"Defender"
304,"Jakub","Stolarczyk",11,40,"0.0","436680.jpg","0.5",100,100,0,FALSE,"","2024-07-25T11:00:04.015354Z",NA,NA,NA,"Goalkeeper"
305,"Luke","Thomas",11,39,"0.2","244619.jpg","1.6",NA,NA,0,FALSE,"",NA,NA,NA,NA,"Defender"
306,"Jamie","Vardy",11,53,"1.5","101668.jpg","4.9",100,100,1,FALSE,"","2025-02-10T09:30:07.280118Z",NA,NA,1,"Forward"
307,"Jannik","Vestergaard",11,39,"0.0","93100.jpg","1.8",100,100,0,FALSE,"","2025-02-10T09:30:07.295426Z",NA,NA,NA,"Defender"
308,"Danny","Ward",11,39,"0.0","95463.jpg","2.2",NA,NA,0,FALSE,"",NA,NA,NA,NA,"Goalkeeper"
309,"Harry","Winks",11,44,"0.2","157668.jpg","5.5",100,100,0,FALSE,"","2024-11-23T17:30:08.809600Z",2,NA,NA,"Midfielder"
501,"Oliver","Skipp",11,47,"0.2","209042.jpg","0.0",NA,NA,0,FALSE,"",NA,NA,NA,NA,"Midfielder"
570,"Abdul","Fatawu",11,51,"0.0","531442.jpg","0.2",0,0,0,FALSE,"Knee injury - Expected back 01 Jun","2024-11-21T10:30:09.372550Z",NA,NA,NA,"Midfielder"
606,"Will","Alves",11,44,"0.0","532534.jpg","0.1",0,0,0,FALSE,"Loaned to Cardiff City","2025-02-03T18:00:25.183771Z",NA,NA,NA,"Midfielder"
616,"Ben","Nelson",11,40,"0.0","501770.jpg","0.0",0,0,0,FALSE,"Loaned to Oxford United","2024-08-31T06:22:31.067773Z",NA,NA,NA,"Defender"
635,"Bilal","El Khannouss",11,48,"1.2","513527.jpg","0.2",NA,NA,1,FALSE,"",NA,4,NA,NA,"Midfielder"
694,"Henry","Cartwright",11,45,"0.0","531997.jpg","0.0",NA,NA,0,FALSE,"",NA,NA,NA,NA,"Midfielder"
708,"Thomas","Wilson-Brown",11,40,"0.0","532535.jpg","0.0",0,0,0,FALSE,"Loaned to Kilmarnock","2025-02-04T10:30:57.487547Z",NA,NA,NA,"Defender"
726,"Woyo","Coulibaly",11,40,"-0.2","488439.jpg","0.0",NA,NA,0,FALSE,"",NA,NA,NA,NA,"Defender"
754,"Ruud","van Nistelrooij",11,5,"0.0","100050995.jpg","0.2",NA,NA,0,FALSE,"",NA,NA,NA,NA,"Manager"
310,"Alisson","Ramses Becker",12,56,"3.7","116535.jpg","10.2",100,100,2,FALSE,"","2024-10-05T14:00:07.200306Z",NA,NA,NA,"Goalkeeper"
311,"Trent","Alexander-Arnold",12,75,"4.7","169187.jpg","34.1",100,100,4,TRUE,"","2025-02-01T22:30:08.242237Z",1,1,NA,"Defender"
312,"Stefan","Bajčetić Maquieira",12,45,"0.0","535928.jpg","0.0",0,0,0,FALSE,"Loaned to RB Salzburg","2024-08-31T06:19:45.092198Z",NA,NA,NA,"Midfielder"
313,"Conor","Bradley",12,47,"0.5","492777.jpg","0.2",0,0,0,FALSE,"Muscle injury - Unknown return date","2025-02-19T23:00:08.951949Z",NA,NA,NA,"Defender"
315,"Bobby","Clark",12,45,"0.0","491970.jpg","0.0",0,0,0,FALSE,"Transferred to RB Salzburg","2024-08-22T11:22:35.466323Z",NA,NA,NA,"Midfielder"
316,"Darwin","Núñez Ribeiro",12,70,"2.3","447203.jpg","2.1",100,100,1,FALSE,"","2025-01-31T15:00:09.018032Z",NA,NA,3,"Forward"
317,"Diogo","Teixeira da Silva",12,72,"2.2","194634.jpg","2.7",100,100,0,FALSE,"","2025-01-17T11:30:07.995744Z",NA,NA,NA,"Midfielder"
318,"Ben","Doak",12,45,"0.0","496208.jpg","0.0",0,0,0,FALSE,"Loaned to Middlesbrough","2024-08-31T06:17:31.171503Z",NA,NA,NA,"Midfielder"
319,"Harvey","Elliott",12,52,"0.3","444884.jpg","0.2",100,100,0,FALSE,"","2024-09-08T23:00:06.842081Z",NA,NA,NA,"Midfielder"
320,"Endo","Wataru",12,46,"0.7","158983.jpg","0.1",NA,NA,0,FALSE,"",NA,NA,NA,NA,"Midfielder"
321,"Cody","Gakpo",12,74,"0.7","243298.jpg","8.7",75,75,2,FALSE,"Ankle injury - 75% chance of playing","2025-03-06T00:00:09.307224Z",NA,NA,NA,"Forward"
322,"Joe","Gomez",12,47,"0.0","171287.jpg","0.4",0,0,0,FALSE,"Hamstring injury - Unknown return date","2025-02-12T12:30:09.561757Z",NA,NA,NA,"Defender"
323,"Ryan","Gravenberch",12,50,"2.3","441266.jpg","0.8",NA,NA,0,FALSE,"",NA,NA,NA,NA,"Midfielder"
324,"Curtis","Jones",12,53,"1.3","206915.jpg","0.3",100,100,1,FALSE,"","2025-02-12T22:30:09.769827Z",NA,NA,NA,"Midfielder"
325,"Caoimhin","Kelleher",12,40,"0.0","200720.jpg","1.1",NA,NA,1,FALSE,"",NA,NA,NA,NA,"Goalkeeper"
326,"Ibrahima","Konaté",12,52,"2.7","204716.jpg","7.7",100,100,0,FALSE,"","2024-11-28T10:30:07.514061Z",NA,NA,NA,"Defender"
327,"Luis","Díaz",12,75,"5.3","244731.jpg","16.5",100,100,3,FALSE,"","2025-01-17T11:30:08.018487Z",NA,NA,NA,"Midfielder"
328,"Mohamed","Salah",12,138,"11.3","118748.jpg","71.8",NA,NA,12,TRUE,"",NA,NA,NA,2,"Midfielder"
329,"Alexis","Mac Allister",12,62,"4.0","243016.jpg","1.8",100,100,1,FALSE,"","2025-02-25T10:30:08.078506Z",4,NA,NA,"Midfielder"
330,"James","McConnell",12,44,"0.0","491501.jpg","0.1",100,100,0,FALSE,"","2024-09-10T11:24:32.362482Z",NA,NA,NA,"Midfielder"
331,"Tyler","Morton",12,44,"0.0","440148.jpg","0.1",0,0,0,FALSE,"Shoulder injury - Expected back 02 Apr","2025-02-07T16:30:07.536970Z",NA,NA,NA,"Midfielder"
332,"Nathaniel","Phillips",12,40,"0.0","197464.jpg","0.1",0,0,0,FALSE,"Loaned to Derby County","2024-08-31T06:18:33.693343Z",NA,NA,NA,"Defender"
333,"Jarell","Quansah",12,39,"0.8","441428.jpg","1.1",100,100,0,FALSE,"","2024-08-23T09:30:06.099816Z",NA,NA,NA,"Defender"
334,"Rhys","Williams",12,40,"0.0","219937.jpg","0.0",0,0,0,FALSE,"Loaned to Morecambe","2024-08-22T11:18:16.485954Z",NA,NA,NA,"Defender"
335,"Andrew","Robertson",12,58,"1.8","122798.jpg","4.2",NA,NA,0,FALSE,"",NA,2,NA,NA,"Defender"
336,"Dominik","Szoboszlai",12,64,"5.2","424876.jpg","4.6",100,100,4,FALSE,"","2024-12-27T00:30:09.581631Z",5,2,NA,"Midfielder"
337,"Konstantinos","Tsimikas",12,46,"1.3","214285.jpg","0.2",100,100,0,FALSE,"","2024-11-25T09:30:07.571904Z",3,NA,NA,"Defender"
339,"Virgil","van Dijk",12,64,"3.0","97032.jpg","22.5",NA,NA,0,FALSE,"",NA,NA,3,NA,"Defender"
636,"Federico","Chiesa",12,68,"0.0","223541.jpg","0.2",100,100,0,FALSE,"","2024-12-26T10:30:09.366339Z",NA,NA,NA,"Midfielder"
660,"Vítezslav","Jaros",12,40,"0.0","432987.jpg","0.1",NA,NA,0,FALSE,"",NA,NA,NA,NA,"Goalkeeper"
669,"Harvey","Davies",12,40,"0.0","464353.jpg","0.0",NA,NA,0,FALSE,"",NA,NA,NA,NA,"Goalkeeper"
688,"Treymaurice","Nyoni",12,45,"0.0","591386.jpg","0.0",NA,NA,0,FALSE,"",NA,NA,NA,NA,"Midfielder"
692,"Amara","Nallo",12,40,"0.0","611926.jpg","0.0",NA,NA,0,FALSE,"",NA,NA,NA,NA,"Defender"
709,"Jayden","Danns",12,45,"0.0","500058.jpg","0.0",0,0,0,FALSE,"Loaned to Sunderland","2025-02-06T23:44:42.048875Z",NA,NA,NA,"Forward"
744,"Arne","Slot",12,15,"7.8","100052173.jpg","27.8",NA,NA,0,FALSE,"",NA,NA,NA,NA,"Manager"
340,"Manuel","Akanji",13,53,"0.0","211975.jpg","2.3",0,0,0,FALSE,"Muscle injury - Expected back 26 Apr","2025-02-12T09:00:09.174095Z",NA,NA,NA,"Defender"
341,"Nathan","Aké",13,53,"0.2","126184.jpg","0.8",0,0,0,FALSE,"Foot injury - Expected back 18 May","2025-03-01T21:30:09.703817Z",NA,NA,NA,"Defender"
342,"Bernardo","Veiga de Carvalho e Silva",13,61,"0.8","165809.jpg","2.6",NA,NA,0,FALSE,"",NA,4,NA,NA,"Midfielder"
343,"Oscar","Bobb",13,47,"0.0","477555.jpg","0.1",25,25,0,FALSE,"Lack of match fitness - 25% chance of playing","2024-08-14T22:30:05.558994Z",NA,NA,NA,"Midfielder"
344,"Scott","Carson",13,39,"0.0","17601.jpg","0.2",NA,NA,0,FALSE,"",NA,NA,NA,NA,"Goalkeeper"
345,"Kevin","De Bruyne",13,93,"0.8","61366.jpg","3.7",100,100,2,FALSE,"","2024-09-18T23:00:07.299083Z",1,1,4,"Midfielder"
346,"Jérémy","Doku",13,62,"2.0","248875.jpg","1.4",100,100,1,FALSE,"","2025-01-23T00:00:08.182578Z",NA,NA,NA,"Midfielder"
347,"Ederson","Santana de Moraes",13,53,"6.5","121160.jpg","5.0",100,100,2,FALSE,"","2025-02-03T02:00:08.541651Z",NA,NA,NA,"Goalkeeper"
348,"Phil","Foden",13,92,"2.2","209244.jpg","6.0",100,100,2,FALSE,"","2024-12-05T00:30:08.366700Z",3,NA,NA,"Midfielder"
349,"Jack","Grealish",13,64,"0.2","114283.jpg","0.2",100,100,0,FALSE,"","2025-02-12T09:00:09.233925Z",NA,NA,NA,"Midfielder"
350,"Joško","Gvardiol",13,59,"4.0","477424.jpg","19.5",100,100,2,FALSE,"","2024-10-31T02:30:07.426838Z",NA,NA,NA,"Defender"
351,"Erling","Haaland",13,147,"3.8","223094.jpg","26.9",100,100,5,TRUE,"","2025-02-23T21:30:09.361162Z",NA,3,1,"Forward"
352,"Julián","Álvarez",13,70,"0.0","461358.jpg","0.1",0,0,0,FALSE,"Transferred to Atletico Madrid","2024-08-13T07:07:51.627006Z",NA,NA,NA,"Forward"
353,"João","Cavaco Cancelo",13,53,"0.0","121145.jpg","0.2",0,0,0,FALSE,"Permanent transfer to Saudi club Al-Hilal","2024-08-29T11:05:25.670531Z",NA,NA,NA,"Defender"
354,"Mateo","Kovačić",13,54,"1.5","91651.jpg","1.2",100,100,3,FALSE,"","2024-11-22T17:30:09.194248Z",NA,NA,NA,"Midfielder"
355,"Rico","Lewis",13,43,"2.0","477064.jpg","4.1",100,100,0,FALSE,"","2024-12-07T21:30:08.281236Z",NA,NA,NA,"Defender"
356,"Matheus Luiz","Nunes",13,49,"1.5","465351.jpg","0.1",100,100,0,FALSE,"","2024-12-21T22:00:08.310190Z",NA,NA,NA,"Midfielder"
357,"James","McAtee",13,46,"2.0","432714.jpg","0.1",NA,NA,0,FALSE,"",NA,NA,NA,NA,"Midfielder"
358,"Stefan","Ortega Moreno",13,52,"0.0","88248.jpg","0.6",NA,NA,0,FALSE,"",NA,NA,NA,NA,"Goalkeeper"
360,"Rodrigo 'Rodri'","Hernandez",13,62,"0.0","220566.jpg","0.8",0,0,0,FALSE,"Knee injury - Expected back 01 Jun","2024-09-22T22:00:05.633631Z",NA,NA,NA,"Midfielder"
361,"Rúben","Gato Alves Dias",13,54,"2.2","171314.jpg","2.3",100,100,0,FALSE,"","2025-01-23T00:00:08.203274Z",NA,NA,NA,"Defender"
362,"John","Stones",13,53,"1.8","97299.jpg","1.1",0,0,1,FALSE,"Thigh injury - Expected back 18 May","2025-02-21T13:30:09.715292Z",NA,NA,NA,"Defender"
363,"Kyle","Walker",13,51,"0.0","58621.jpg","2.6",0,0,0,FALSE,"Loaned to Milan","2025-01-27T09:56:49.234718Z",NA,NA,NA,"Defender"
571,"Sávio 'Savinho'","Moreira de Oliveira",13,62,"3.5","510281.jpg","2.4",100,100,2,FALSE,"","2024-10-31T02:30:07.756984Z",6,4,NA,"Midfielder"
607,"Nico","O'Reilly",13,49,"0.2","472769.jpg","0.0",100,100,0,FALSE,"","2024-11-13T15:30:08.718593Z",NA,NA,NA,"Midfielder"
625,"Ilkay","Gündogan",13,63,"2.0","59859.jpg","0.4",NA,NA,0,FALSE,"",NA,2,2,NA,"Midfielder"
626,"Issa","Kaboré",13,45,"0.0","476369.jpg","0.0",0,0,0,FALSE,"Loaned to Benfica","2024-09-05T10:37:05.659734Z",NA,NA,NA,"Defender"
671,"Jacob","Wright",13,45,"0.0","516250.jpg","0.0",0,0,0,FALSE,"Loaned to Norwich City","2025-02-05T21:04:28.321130Z",NA,NA,NA,"Midfielder"
672,"Jahmai","Simpson-Pusey",13,40,"0.0","554194.jpg","0.0",100,100,0,FALSE,"","2024-11-13T15:30:08.805382Z",NA,NA,NA,"Defender"
675,"Josh","Wilson-Esbrand",13,40,"0.0","447880.jpg","0.0",0,0,0,FALSE,"Loaned to Stoke City","2025-01-24T10:47:24.891848Z",NA,NA,NA,"Defender"
698,"Divin","Mubama",13,45,"0.0","487837.jpg","0.1",NA,NA,0,FALSE,"",NA,NA,NA,NA,"Forward"
703,"Max","Alleyne",13,40,"0.0","494307.jpg","0.0",NA,NA,0,FALSE,"",NA,NA,NA,NA,"Defender"
704,"Spike","Brits",13,40,"0.0","613120.jpg","0.0",NA,NA,0,FALSE,"",NA,NA,NA,NA,"Goalkeeper"
732,"Abdukodir","Khusanov",13,50,"3.8","578153.jpg","0.4",NA,NA,0,FALSE,"",NA,NA,NA,NA,"Defender"
733,"Vitor","de Oliveira Nunes dos Reis",13,45,"0.0","616222.jpg","0.0",NA,NA,0,FALSE,"",NA,NA,NA,NA,"Defender"
736,"Pep","Guardiola",13,15,"5.2","100037973.jpg","3.4",NA,NA,0,FALSE,"",NA,NA,NA,NA,"Manager"
755,"Omar","Marmoush",13,72,"5.5","438234.jpg","10.8",NA,NA,1,FALSE,"",NA,NA,NA,NA,"Forward"
765,"Nico","González",13,60,"2.5","465694.jpg","0.0",NA,NA,0,FALSE,"",NA,NA,NA,NA,"Midfielder"
785,"Claudio","Echeverri",13,60,"0.0","575204.jpg","0.0",NA,NA,0,FALSE,"",NA,NA,NA,NA,"Midfielder"
364,"Amad","Diallo",14,53,"0.0","493250.jpg","5.5",0,0,2,FALSE,"Ankle injury - Unknown return date","2025-02-15T18:30:08.930349Z",3,NA,NA,"Midfielder"
365,"Antony Matheus","dos Santos",14,57,"0.0","467169.jpg","0.2",0,0,0,FALSE,"Loaned to Real Betis","2025-01-27T09:58:14.449507Z",NA,NA,NA,"Midfielder"
366,"Bruno","Borges Fernandes",14,83,"5.5","141746.jpg","10.2",100,100,2,FALSE,"","2024-12-27T00:30:09.652602Z",1,1,1,"Midfielder"
367,"Altay","Bayindir",14,43,"0.0","451302.jpg","0.1",0,0,0,FALSE,"Knock - Unknown return date","2025-02-14T14:30:08.406927Z",NA,NA,NA,"Goalkeeper"
368,"Carlos Henrique","Casimiro",14,47,"1.0","61256.jpg","0.4",100,100,1,FALSE,"","2024-11-10T23:00:08.039181Z",NA,NA,NA,"Midfielder"
369,"Diogo","Dalot Teixeira",14,50,"1.8","216051.jpg","5.4",100,100,2,FALSE,"","2025-01-12T22:00:08.226294Z",NA,NA,NA,"Defender"
370,"Christian","Eriksen",14,52,"0.2","80607.jpg","0.2",100,100,0,FALSE,"","2024-11-01T10:30:06.566158Z",2,4,NA,"Midfielder"
371,"Jonny","Evans",14,44,"0.0","37642.jpg","0.1",0,0,1,FALSE,"Muscle injury - Unknown return date","2025-01-14T12:00:08.993380Z",NA,NA,NA,"Defender"
372,"Alejandro","Garnacho",14,59,"1.0","493105.jpg","4.7",100,100,1,FALSE,"","2024-10-07T15:30:06.108745Z",NA,NA,NA,"Midfielder"
373,"Hannibal","Mejbri",14,45,"0.0","465527.jpg","0.0",0,0,0,FALSE,"Permanent move to Burnley","2024-08-30T09:47:42.727251Z",NA,NA,NA,"Midfielder"
374,"Tom","Heaton",14,39,"0.0","21205.jpg","0.2",0,0,0,FALSE,"Knock - Unknown return date","2025-02-21T15:00:09.688681Z",NA,NA,NA,"Goalkeeper"
375,"Rasmus","Højlund",14,69,"1.2","497894.jpg","1.0",100,100,0,FALSE,"","2024-08-05T15:00:04.427374Z",NA,NA,NA,"Forward"
376,"Victor","Lindelöf",14,43,"0.2","184667.jpg","0.1",100,100,0,FALSE,"","2024-12-20T17:00:08.474761Z",NA,NA,NA,"Defender"
377,"Harry","Maguire",14,49,"2.8","95658.jpg","0.6",50,50,0,FALSE,"Knock - 50% chance of playing","2025-03-06T00:00:09.433208Z",NA,NA,NA,"Defender"
378,"Kobbie","Mainoo",14,52,"0.0","516895.jpg","1.8",0,0,0,FALSE,"Knock - Unknown return date","2025-02-17T10:00:09.757660Z",NA,NA,NA,"Midfielder"
379,"Tyrell","Malacia",14,44,"0.0","222690.jpg","0.0",0,0,0,FALSE,"Loaned to PSV","2025-02-05T21:04:06.513546Z",NA,NA,NA,"Defender"
380,"Lisandro","Martínez",14,43,"0.0","221820.jpg","2.5",0,0,1,FALSE,"Knee injury - Unknown return date","2025-02-03T02:00:08.575069Z",NA,NA,NA,"Defender"
381,"Scott","McTominay",14,49,"0.0","195851.jpg","0.1",0,0,0,FALSE,"Transferred to Napoli","2024-08-31T06:16:49.087133Z",NA,NA,NA,"Midfielder"
382,"Mason","Mount",14,63,"0.0","184341.jpg","0.1",0,0,0,FALSE,"Leg injury - Unknown return date","2024-12-16T09:30:07.044661Z",NA,NA,NA,"Midfielder"
383,"André","Onana",14,50,"2.0","202641.jpg","5.8",NA,NA,0,FALSE,"",NA,NA,NA,NA,"Goalkeeper"
384,"Facundo","Pellistri Rebollo",14,50,"0.0","488404.jpg","0.0",0,0,0,FALSE,"Transferred to Panathinaikos","2024-08-22T11:21:35.952901Z",NA,NA,NA,"Midfielder"
387,"Luke","Shaw",14,49,"0.0","106760.jpg","0.1",0,0,0,FALSE,"Knock - Unknown return date","2024-12-05T01:00:08.299125Z",NA,NA,NA,"Defender"
389,"Joshua","Zirkzee",14,65,"1.2","458249.jpg","1.6",NA,NA,1,FALSE,"",NA,NA,NA,NA,"Forward"
572,"Leny","Yoro",14,43,"0.2","550864.jpg","0.2",100,100,0,FALSE,"","2025-01-23T23:30:08.974774Z",NA,NA,NA,"Defender"
593,"Matthijs","de Ligt",14,48,"2.5","209365.jpg","3.2",100,100,1,FALSE,"","2025-01-23T23:30:09.017142Z",NA,NA,NA,"Defender"
594,"Noussair","Mazraoui",14,43,"0.8","230001.jpg","8.4",100,100,2,FALSE,"","2025-01-23T23:30:09.029563Z",NA,NA,NA,"Defender"
613,"Toby","Collyer",14,45,"0.0","490881.jpg","0.0",100,100,0,FALSE,"","2025-02-17T10:00:10.188880Z",NA,NA,NA,"Midfielder"
648,"Ethan","Wheatley",14,45,"0.0","575034.jpg","1.2",0,0,0,FALSE,"Loaned to Walsall","2025-01-27T09:59:58.864124Z",NA,NA,NA,"Forward"
652,"Manuel","Ugarte",14,49,"2.5","232112.jpg","0.1",50,50,0,FALSE,"Knock - 50% chance of playing","2025-03-06T00:00:09.853102Z",NA,NA,NA,"Midfielder"
658,"Ayden","Heaven",14,40,"0.0","606745.jpg","0.1",NA,NA,0,FALSE,"",NA,NA,NA,NA,"Defender"
667,"Jack","Fletcher",14,45,"0.0","547037.jpg","0.0",NA,NA,0,FALSE,"",NA,NA,NA,NA,"Midfielder"
670,"Harry","Amass",14,40,"0.0","577974.jpg","0.0",NA,NA,0,FALSE,"",NA,NA,NA,NA,"Defender"
673,"Jayce","Fitzgerald",14,45,"0.0","556639.jpg","0.0",NA,NA,0,FALSE,"",NA,NA,NA,NA,"Midfielder"
691,"Godwill","Kukonki",14,40,"0.0","576637.jpg","0.0",NA,NA,0,FALSE,"",NA,NA,NA,NA,"Defender"
745,"Ruben Filipe","Marques Diogo Amorim",14,8,"3.5","100053636.jpg","2.6",NA,NA,0,FALSE,"",NA,NA,NA,NA,"Manager"
761,"Elyh","Harrison",14,40,"0.0","588555.jpg","0.0",NA,NA,0,FALSE,"",NA,NA,NA,NA,"Goalkeeper"
766,"Patrick","Dorgu",14,45,"-0.2","596777.jpg","0.2",0,0,0,FALSE,"Suspended until 01 Apr","2025-02-27T08:00:10.469576Z",NA,NA,NA,"Defender"
776,"Chido","Obi-Martin",14,45,"0.2","596047.jpg","0.1",NA,NA,0,FALSE,"",NA,NA,NA,NA,"Forward"
777,"Tyler","Fredricson",14,40,"0.0","547676.jpg","0.0",NA,NA,0,FALSE,"",NA,NA,NA,NA,"Defender"
778,"Jack","Moorhouse",14,45,"0.0","559684.jpg","0.0",NA,NA,0,FALSE,"",NA,NA,NA,NA,"Midfielder"
779,"Sékou","Koné",14,45,"0.0","618873.jpg","0.0",NA,NA,0,FALSE,"",NA,NA,NA,NA,"Midfielder"
783,"Hubert","Graczyk",14,40,"0.0","439483.jpg","0.0",NA,NA,0,FALSE,"",NA,NA,NA,NA,"Goalkeeper"
390,"Alex","Murphy",15,40,"0.0","545477.jpg","0.6",0,0,0,FALSE,"Loaned to Bolton Wanderers","2025-01-22T10:15:51.022032Z",NA,NA,NA,"Defender"
391,"Miguel","Almirón Rejala",15,54,"0.0","179018.jpg","0.3",0,0,0,FALSE,"Loaned to Atlanta United","2025-02-03T10:23:53.692418Z",NA,NA,NA,"Midfielder"
392,"Harvey","Barnes",15,59,"0.5","201666.jpg","0.9",100,100,0,FALSE,"","2025-01-12T22:00:08.256604Z",NA,NA,NA,"Midfielder"
393,"Sven","Botman",15,44,"0.0","220237.jpg","0.0",0,0,0,FALSE,"Knee injury - Expected back 03 Apr","2025-02-06T00:00:08.488730Z",NA,NA,NA,"Defender"
394,"Bruno","Guimarães Rodriguez Moura",15,61,"1.2","208706.jpg","1.9",100,100,0,FALSE,"","2024-11-26T02:30:08.074203Z",NA,NA,NA,"Midfielder"
395,"Dan","Burn",15,44,"0.5","78916.jpg","6.3",100,100,0,FALSE,"","2025-02-10T09:30:07.448812Z",NA,NA,NA,"Defender"
396,"Martin","Dúbravka",15,43,"0.2","67089.jpg","2.4",100,100,1,FALSE,"","2024-10-02T00:30:05.687323Z",NA,NA,NA,"Goalkeeper"
398,"Anthony","Gordon",15,74,"1.5","232826.jpg","10.0",0,0,1,FALSE,"Suspended until 07 Apr","2025-03-03T01:00:07.799534Z",3,NA,3,"Midfielder"
399,"Lewis","Hall",15,49,"2.5","487838.jpg","14.0",0,0,2,FALSE,"Foot injury - Expected back 01 Jun","2025-03-03T01:00:07.813261Z",2,NA,NA,"Defender"
400,"Isaac","Hayden",15,44,"0.0","153127.jpg","0.1",0,0,0,FALSE,"Loaned to Portsmouth","2025-01-17T11:53:46.314664Z",NA,NA,NA,"Midfielder"
401,"Alexander","Isak",15,94,"3.8","219168.jpg","56.1",100,100,5,TRUE,"","2025-02-27T08:00:10.075297Z",NA,3,2,"Forward"
402,"Jacob","Murphy",15,51,"2.5","114243.jpg","3.8",100,100,2,FALSE,"","2025-01-13T14:00:09.130787Z",NA,NA,NA,"Midfielder"
403,"Joelinton Cássio","Apolinário de Lira",15,60,"0.0","180974.jpg","1.1",100,100,3,FALSE,"","2025-02-01T22:30:08.376311Z",NA,NA,NA,"Midfielder"
404,"Lloyd","Kelly",15,42,"0.0","235530.jpg","0.1",0,0,0,FALSE,"Loaned to Juventus","2025-02-04T10:29:36.512234Z",NA,NA,NA,"Defender"
405,"Emil","Krafth",15,43,"0.2","111773.jpg","0.1",100,100,0,FALSE,"","2024-11-11T16:00:06.953415Z",NA,NA,NA,"Defender"
406,"Garang","Kuol",15,44,"0.0","564510.jpg","0.1",NA,NA,0,FALSE,"",NA,NA,NA,NA,"Midfielder"
407,"Jamaal","Lascelles",15,45,"0.0","101148.jpg","0.0",0,0,0,FALSE,"Knee injury - Expected back 25 May","2024-07-17T13:30:05.035452Z",NA,NA,NA,"Defender"
408,"Jamal","Lewis",15,40,"0.0","194799.jpg","0.1",0,0,0,FALSE,"Loaned to  Sao Paulo","2024-09-05T10:35:35.180344Z",NA,NA,NA,"Defender"
409,"Tino","Livramento",15,45,"0.5","441191.jpg","1.6",100,100,0,FALSE,"","2024-12-27T02:00:09.792616Z",NA,NA,NA,"Defender"
410,"Sean","Longstaff",15,45,"0.5","180135.jpg","0.4",NA,NA,0,FALSE,"",NA,NA,NA,NA,"Midfielder"
411,"Lewis","Miley",15,50,"2.5","547719.jpg","0.0",100,100,0,FALSE,"","2024-07-17T13:30:05.048462Z",NA,NA,NA,"Midfielder"
412,"Odysseas","Vlachodimos",15,42,"0.0","111452.jpg","0.1",NA,NA,0,FALSE,"",NA,NA,NA,NA,"Goalkeeper"
413,"Nick","Pope",15,49,"0.5","98747.jpg","3.2",100,100,1,FALSE,"","2024-12-13T11:30:08.088931Z",NA,NA,NA,"Goalkeeper"
414,"John","Ruddy",15,39,"0.0","19236.jpg","0.3",NA,NA,0,FALSE,"",NA,NA,NA,NA,"Goalkeeper"
415,"Fabian","Schär",15,54,"0.5","119471.jpg","1.5",100,100,0,FALSE,"","2025-01-16T09:30:08.486493Z",NA,2,NA,"Defender"
416,"Matt","Targett",15,39,"0.0","169359.jpg","0.3",100,100,0,FALSE,"","2024-09-27T11:00:07.434832Z",NA,NA,NA,"Defender"
417,"Sandro","Tonali",15,55,"1.2","432422.jpg","0.5",100,100,0,FALSE,"","2024-07-17T13:30:05.060878Z",4,4,NA,"Midfielder"
418,"Kieran","Trippier",15,56,"0.2","77794.jpg","3.3",100,100,0,FALSE,"","2025-03-03T01:00:07.856885Z",1,1,NA,"Defender"
419,"Joe","White",15,45,"0.0","461484.jpg","0.1",0,0,0,FALSE,"Loaned to MK Dons","2024-08-31T08:20:54.098792Z",NA,NA,NA,"Midfielder"
420,"Joe","Willock",15,47,"2.0","200089.jpg","0.1",100,100,0,FALSE,"","2025-01-12T22:00:08.287612Z",NA,NA,NA,"Midfielder"
421,"Callum","Wilson",15,69,"1.0","75115.jpg","0.1",100,100,0,FALSE,"","2024-12-12T11:30:08.753948Z",NA,NA,1,"Forward"
574,"Miodrag","Pivaš",15,40,"0.0","578512.jpg","0.1",0,0,0,FALSE,"Loaned to Willem II","2024-09-10T11:08:18.853575Z",NA,NA,NA,"Defender"
590,"William","Osula",15,49,"0.2","538207.jpg","0.2",NA,NA,0,FALSE,"",NA,NA,NA,NA,"Forward"
746,"Eddie","Howe",15,15,"2.5","100038215.jpg","0.6",NA,NA,0,FALSE,"",NA,NA,NA,NA,"Manager"
26,"Álex","Moreno Lopera",16,42,"0.0","106468.jpg","0.4",100,100,1,FALSE,"","2024-12-07T21:30:07.580389Z",NA,NA,NA,"Defender"
422,"Ola","Aina",16,53,"3.2","159506.jpg","27.5",100,100,4,TRUE,"","2024-11-21T08:30:09.347848Z",NA,NA,NA,"Defender"
423,"Elliot","Anderson",16,50,"2.2","215379.jpg","0.3",100,100,0,FALSE,"","2024-11-13T15:30:08.535910Z",3,NA,NA,"Midfielder"
424,"Taiwo","Awoniyi",16,55,"0.5","210156.jpg","0.3",100,100,0,FALSE,"","2025-02-14T12:30:08.603395Z",NA,NA,NA,"Forward"
425,"Willy","Boly",16,42,"0.0","90585.jpg","0.1",100,100,0,FALSE,"","2024-09-11T12:30:07.170970Z",NA,NA,NA,"Defender"
426,"Josh","Bowler",16,45,"0.0","245830.jpg","0.0",0,0,0,FALSE,"Loaned to  Preston North End","2024-08-31T08:19:22.292913Z",NA,NA,NA,"Midfielder"
427,"Carlos Miguel","dos Santos Pereira",16,41,"0.0","475123.jpg","0.1",25,25,0,FALSE,"Hamstring injury - 25% chance of playing","2025-02-14T12:30:08.621523Z",NA,NA,NA,"Goalkeeper"
428,"Eric","da Silva Moreira",16,44,"0.0","569014.jpg","0.1",NA,NA,0,FALSE,"",NA,NA,NA,NA,"Midfielder"
429,"Danilo","dos Santos de Oliveira",16,47,"0.8","513046.jpg","0.0",100,100,0,FALSE,"","2024-08-17T20:00:06.172553Z",NA,NA,NA,"Midfielder"
430,"Emmanuel","Dennis",16,49,"0.0","230251.jpg","0.2",0,0,0,FALSE,"Loaned to Blackburn Rovers","2025-02-04T10:29:11.830830Z",NA,NA,NA,"Forward"
431,"Nicolás","Domínguez",16,48,"1.8","250199.jpg","0.0",100,100,0,FALSE,"","2024-12-21T21:30:08.505388Z",NA,NA,NA,"Midfielder"
432,"Anthony","Elanga",16,53,"2.5","449434.jpg","5.6",100,100,2,FALSE,"","2024-11-23T22:30:08.527966Z",2,4,NA,"Midfielder"
433,"Morgan","Gibbs-White",16,65,"4.5","222531.jpg","5.6",100,100,2,FALSE,"","2024-11-23T22:30:08.545151Z",NA,2,2,"Midfielder"
434,"Callum","Hudson-Odoi",16,52,"5.5","209046.jpg","1.2",100,100,2,FALSE,"","2025-01-20T00:30:08.439693Z",NA,NA,NA,"Midfielder"
435,"Alex","Mighten",16,45,"0.0","244930.jpg","0.0",0,0,0,FALSE,"Season long loan to Port Vale","2024-08-29T11:09:56.647313Z",NA,NA,NA,"Midfielder"
436,"Murillo","Santiago Costa dos Santos",16,47,"3.8","575476.jpg","3.4",100,100,2,FALSE,"","2024-12-30T09:30:07.080942Z",NA,3,NA,"Defender"
437,"Neco","Williams",16,44,"4.0","215136.jpg","2.3",NA,NA,2,FALSE,"",NA,NA,5,NA,"Defender"
438,"Omar","Richards",16,45,"0.0","204822.jpg","0.0",0,0,0,FALSE,"Loaned to Rio Ave","2024-08-22T11:19:23.101534Z",NA,NA,NA,"Defender"
439,"Lewis","O'Brien",16,50,"0.0","243345.jpg","0.0",0,0,0,FALSE,"On loan to Los Angeles Football Club for the rest of the season","2024-08-01T07:01:57.624673Z",NA,NA,NA,"Midfielder"
440,"Andrew","Omobamidele",16,42,"0.0","466404.jpg","0.0",0,0,0,FALSE,"Loaned to Strasbourg","2025-01-27T09:57:41.248653Z",NA,NA,NA,"Defender"
441,"Jonathan","Panzo",16,40,"0.0","209035.jpg","0.0",0,0,0,FALSE,"On a season long loan to Rio Ave","2024-07-18T09:44:17.568948Z",NA,NA,NA,"Defender"
442,"Ibrahim","Sangaré",16,43,"0.8","210462.jpg","1.4",100,100,0,FALSE,"","2024-09-12T15:00:06.800627Z",NA,NA,NA,"Midfielder"
443,"Matz","Sels",16,50,"4.2","85633.jpg","17.5",100,100,2,TRUE,"","2024-10-12T11:00:07.468908Z",NA,NA,NA,"Goalkeeper"
444,"Harry","Toffolo",16,42,"0.0","114241.jpg","0.1",NA,NA,0,FALSE,"",NA,NA,NA,NA,"Defender"
446,"Hwang","Ui-jo",16,45,"0.0","201440.jpg","0.8",0,0,0,FALSE,"Transferred to Alanyaspor","2024-09-10T11:39:20.038647Z",NA,NA,NA,"Forward"
447,"Chris","Wood",16,72,"4.5","60689.jpg","45.6",100,100,5,TRUE,"","2024-10-26T11:00:07.644070Z",NA,NA,1,"Forward"
448,"Joe","Worrall",16,45,"0.0","208912.jpg","0.0",0,0,0,FALSE,"Transferred to Burnley","2024-08-26T10:09:19.430328Z",NA,NA,NA,"Defender"
449,"Ryan","Yates",16,48,"1.5","204968.jpg","0.1",100,100,0,FALSE,"","2024-12-27T00:30:09.776071Z",NA,NA,NA,"Midfielder"
573,"Nikola","Milenković",16,48,"4.2","227444.jpg","8.0",NA,NA,0,FALSE,"",NA,NA,NA,NA,"Defender"
596,"João Pedro","Ferreira Silva",16,59,"0.2","510500.jpg","0.1",100,100,0,FALSE,"","2024-11-01T10:30:06.942890Z",NA,NA,NA,"Midfielder"
620,"Ramón","Sosa",16,55,"0.0","502222.jpg","0.1",NA,NA,0,FALSE,"",NA,NA,NA,NA,"Midfielder"
653,"Felipe","Rodrigues da Silva",16,45,"0.5","485047.jpg","0.1",NA,NA,0,FALSE,"",NA,NA,NA,NA,"Defender"
706,"Zach","Abbott",16,40,"0.0","549067.jpg","0.0",NA,NA,0,FALSE,"",NA,NA,NA,NA,"Defender"
721,"Wayne","Hennessey",16,40,"0.0","20066.jpg","0.0",NA,NA,0,FALSE,"",NA,NA,NA,NA,"Goalkeeper"
747,"Nuno Herlander","Simões Espírito Santo",16,11,"4.5","100041808.jpg","2.0",NA,NA,0,FALSE,"",NA,NA,NA,NA,"Manager"
14,"Aaron","Ramsdale",17,44,"1.8","225321.jpg","1.2",100,100,2,FALSE,"","2025-01-24T00:00:09.434398Z",NA,NA,NA,"Goalkeeper"
27,"Cameron","Archer",17,49,"1.2","433979.jpg","1.3",NA,NA,1,FALSE,"",NA,NA,NA,2,"Forward"
188,"Lesley","Ugochukwu",17,44,"1.0","503714.jpg","0.3",100,100,0,FALSE,"","2025-02-24T14:00:09.431561Z",NA,NA,NA,"Midfielder"
397,"Ryan","Fraser",17,48,"0.0","90105.jpg","0.0",50,50,0,FALSE,"Calf injury - 50% chance of playing","2025-01-31T16:00:09.299719Z",NA,NA,NA,"Midfielder"
451,"Samuel","Amo-Ameyaw",17,44,"0.0","499724.jpg","0.1",0,0,0,FALSE,"Loaned to Strasbourg","2025-02-04T23:53:50.935089Z",NA,NA,NA,"Midfielder"
452,"Joe","Aribo",17,49,"2.0","193204.jpg","0.1",NA,NA,0,FALSE,"",NA,NA,NA,NA,"Midfielder"
453,"Adam","Armstrong",17,51,"0.0","155511.jpg","0.6",0,0,0,FALSE,"Loaned to West Bromwich Albion","2025-02-05T21:03:18.824040Z",NA,NA,1,"Forward"
454,"Gavin","Bazunu",17,43,"0.0","456350.jpg","0.1",0,0,0,FALSE,"Loaned to Standard Liège","2025-02-04T10:28:52.236829Z",NA,NA,NA,"Goalkeeper"
455,"Jan","Bednarek",17,40,"0.8","171771.jpg","2.7",75,100,0,FALSE,"Head injury - 75% chance of playing","2025-03-08T20:00:10.299351Z",NA,NA,NA,"Defender"
456,"Armel","Bella-Kotchap",17,39,"0.2","477386.jpg","0.4",NA,NA,0,FALSE,"",NA,NA,NA,NA,"Defender"
457,"James","Bree",17,39,"0.2","184386.jpg","0.4",0,0,0,FALSE,"Hamstring injury - Unknown return date","2025-03-06T23:00:09.750819Z",NA,NA,NA,"Defender"
458,"Shea","Charles",17,45,"0.0","463210.jpg","0.0",0,0,0,FALSE,"Has joined Sheffield Wednesday on a season-long loan","2024-08-29T11:10:39.600629Z",NA,NA,NA,"Midfielder"
459,"Samuel","Edozie",17,49,"0.0","490503.jpg","0.0",0,0,0,FALSE,"Loaned to Anderlecht","2024-09-10T11:28:17.403794Z",NA,NA,NA,"Midfielder"
460,"Ronnie","Edwards",17,39,"0.0","500926.jpg","0.2",0,0,0,FALSE,"Season-long loan to QPR","2025-01-06T22:34:19.628107Z",NA,NA,NA,"Defender"
461,"Taylor","Harwood-Bellis",17,40,"0.5","245719.jpg","5.7",100,100,0,FALSE,"","2025-02-01T22:30:08.425238Z",NA,NA,NA,"Defender"
462,"Kamaldeen","Sulemana",17,50,"3.8","504783.jpg","0.0",100,100,0,FALSE,"","2025-01-24T00:00:09.946289Z",NA,NA,NA,"Midfielder"
463,"Adam","Lallana",17,50,"0.2","39155.jpg","0.0",100,100,0,FALSE,"","2025-02-14T12:30:08.682021Z",NA,NA,NA,"Midfielder"
464,"Juan","Larios López",17,39,"0.0","515571.jpg","0.1",50,50,0,FALSE,"Lack of match fitness - 50% chance of playing","2024-11-29T12:00:07.896449Z",NA,NA,NA,"Defender"
465,"Mateusz","Lis",17,40,"0.0","200428.jpg","0.1",0,0,0,FALSE,"Transferred to Göztepe","2024-08-23T12:38:57.742902Z",NA,NA,NA,"Goalkeeper"
466,"Joe","Lumley",17,40,"0.0","167888.jpg","0.5",NA,NA,0,FALSE,"",NA,NA,NA,NA,"Goalkeeper"
467,"Ryan","Manning",17,43,"0.5","204863.jpg","0.1",NA,NA,0,FALSE,"",NA,1,NA,NA,"Defender"
468,"Sékou","Mara",17,50,"0.0","476888.jpg","0.0",0,0,0,FALSE,"Transferred to Strasbourg","2024-08-26T10:17:11.280625Z",NA,NA,NA,"Forward"
469,"Alex","McCarthy",17,43,"0.0","58376.jpg","0.1",NA,NA,0,FALSE,"",NA,NA,NA,NA,"Goalkeeper"
470,"Paul","Onuachu",17,49,"1.5","147611.jpg","0.3",100,100,0,FALSE,"","2024-11-25T09:30:07.798801Z",NA,NA,NA,"Forward"
471,"Will","Smallbone",17,50,"2.5","214466.jpg","0.0",100,100,0,FALSE,"","2024-10-20T11:00:06.361543Z",2,1,NA,"Midfielder"
472,"Jack","Stephens",17,40,"0.0","88900.jpg","0.4",100,100,0,FALSE,"","2025-02-01T22:30:08.453428Z",NA,NA,NA,"Defender"
473,"Ross","Stewart",17,44,"0.0","230348.jpg","1.8",50,50,0,FALSE,"Lack of match fitness - 50% chance of playing","2024-10-05T18:00:07.268831Z",NA,NA,NA,"Forward"
474,"Sugawara","Yukinari",17,42,"0.5","219279.jpg","0.2",100,100,1,FALSE,"","2024-10-20T11:00:06.390070Z",NA,2,NA,"Defender"
475,"Charlie","Taylor",17,39,"0.0","103914.jpg","4.0",NA,NA,0,FALSE,"",NA,NA,NA,NA,"Defender"
476,"Kyle","Walker-Peters",17,43,"0.5","158534.jpg","0.3",100,100,0,FALSE,"","2024-12-20T17:00:08.649440Z",NA,NA,NA,"Defender"
477,"Nathan","Wood-Gordon",17,40,"0.0","244845.jpg","1.2",100,100,0,FALSE,"","2025-01-31T16:00:09.413287Z",NA,NA,NA,"Defender"
515,"Maxwel","Cornet",17,47,"0.0","149519.jpg","0.0",0,0,0,FALSE,"Loaned to Genoa","2025-01-22T10:14:43.133544Z",NA,NA,NA,"Midfielder"
518,"Flynn","Downes",17,47,"0.5","220585.jpg","0.0",100,100,0,FALSE,"","2024-12-30T09:30:07.198312Z",NA,NA,NA,"Midfielder"
584,"Ben","Brereton Díaz",17,48,"0.0","204814.jpg","0.1",0,0,0,FALSE,"Loaned to Sheffield United","2025-01-22T10:11:54.592530Z",NA,NA,NA,"Midfielder"
608,"Tyler","Dibling",17,44,"1.5","496661.jpg","1.6",100,100,1,FALSE,"","2025-01-16T23:00:08.124193Z",4,NA,NA,"Midfielder"
623,"Mateus Gonçalo","Espanha Fernandes",17,50,"2.0","551226.jpg","0.0",100,100,0,FALSE,"","2024-12-30T09:30:07.304371Z",3,3,NA,"Midfielder"
693,"Joseph","O'Brien-Whitmarsh",17,45,"0.0","545508.jpg","0.0",0,0,0,FALSE,"Loaned to Accrington Stanley","2025-02-04T10:28:24.963013Z",NA,NA,NA,"Midfielder"
718,"Welington Damascena","Santos",17,40,"0.5","500016.jpg","0.0",NA,NA,0,FALSE,"",NA,NA,NA,NA,"Defender"
719,"Joachim","Kayi-Sanda",17,40,"0.0","620408.jpg","0.0",NA,NA,0,FALSE,"",NA,NA,NA,NA,"Defender"
734,"Albert","Grønbæk",17,49,"0.8","494779.jpg","0.0",NA,NA,0,FALSE,"",NA,NA,NA,NA,"Midfielder"
748,"Ivan","Juric",17,5,"0.5","100045653.jpg","0.1",NA,NA,0,FALSE,"",NA,NA,NA,NA,"Manager"
82,"Dominic","Solanke-Mitchell",18,73,"0.0","154566.jpg","4.4",75,75,1,FALSE,"Knock - 75% chance of playing","2025-03-06T22:30:09.129715Z",NA,NA,NA,"Forward"
478,"Ashley","Phillips",18,40,"0.0","548308.jpg","0.2",0,0,0,FALSE,"Loaned to Stoke City","2024-08-26T10:10:07.966773Z",NA,NA,NA,"Defender"
479,"Brandon","Austin",18,40,"0.0","214572.jpg","0.5",NA,NA,0,FALSE,"",NA,NA,NA,NA,"Goalkeeper"
480,"Rodrigo","Bentancur",18,49,"1.5","202993.jpg","0.1",100,100,0,FALSE,"","2025-02-17T10:00:09.911033Z",NA,NA,NA,"Midfielder"
481,"Lucas","Bergvall",18,44,"2.5","570526.jpg","1.1",100,100,0,FALSE,"","2024-10-16T12:30:07.550630Z",NA,NA,NA,"Midfielder"
482,"Yves","Bissouma",18,48,"0.5","227127.jpg","0.2",100,100,1,FALSE,"","2025-01-17T15:00:07.651873Z",NA,NA,NA,"Midfielder"
483,"Bryan","Gil Salvatierra",18,50,"0.0","436234.jpg","0.0",0,0,0,FALSE,"On loan to Girona for the season","2024-07-31T11:08:25.895794Z",NA,NA,NA,"Midfielder"
484,"Ben","Davies",18,43,"1.2","115556.jpg","0.2",75,75,0,FALSE,"Lack of match fitness - 75% chance of playing","2025-02-25T12:30:09.810172Z",NA,NA,NA,"Defender"
485,"Alfie","Devine",18,45,"0.0","496179.jpg","0.0",0,0,0,FALSE,"Loaned to Westerlo","2024-09-10T11:37:22.522366Z",NA,NA,NA,"Midfielder"
486,"Radu","Drăgușin",18,43,"0.0","493125.jpg","0.2",0,0,0,FALSE,"Knee injury - Expected back 01 Jun","2025-01-31T15:00:09.267677Z",NA,NA,NA,"Defender"
487,"Emerson","Leite de Souza Junior",18,45,"0.0","241157.jpg","0.0",0,0,0,FALSE,"Transferred to AC Milan","2024-08-13T07:06:12.490889Z",NA,NA,NA,"Defender"
488,"Fraser","Forster",18,43,"0.0","40383.jpg","0.4",NA,NA,0,FALSE,"",NA,NA,NA,NA,"Goalkeeper"
489,"Archie","Gray",18,46,"1.2","547701.jpg","0.2",100,100,0,FALSE,"","2024-12-02T00:00:08.747842Z",NA,NA,NA,"Midfielder"
490,"Pierre-Emile","Højbjerg",18,50,"0.0","132015.jpg","0.0",0,0,0,FALSE,"On loan to Marseille for the season","2024-07-23T11:58:08.802970Z",NA,NA,NA,"Midfielder"
491,"Brennan","Johnson",18,62,"4.2","242898.jpg","2.3",100,100,1,FALSE,"","2025-01-17T15:00:07.684598Z",NA,NA,NA,"Midfielder"
492,"Dejan","Kulusevski",18,62,"3.2","445044.jpg","3.6",25,25,0,FALSE,"Foot injury - 25% chance of playing","2025-03-06T00:00:09.617926Z",3,NA,NA,"Midfielder"
493,"Giovani","Lo Celso",18,49,"0.0","200826.jpg","0.0",0,0,0,FALSE,"Transferred to Real Betis","2024-08-31T06:14:45.936781Z",NA,NA,NA,"Midfielder"
494,"James","Maddison",18,74,"3.8","172780.jpg","4.7",100,100,3,FALSE,"","2025-01-27T01:00:09.013733Z",1,2,2,"Midfielder"
495,"Pedro","Porro",18,53,"2.2","441164.jpg","19.7",100,100,2,FALSE,"","2024-08-19T23:00:06.196679Z",2,1,NA,"Defender"
496,"Sergio","Reguilón",18,41,"0.0","199249.jpg","0.2",NA,NA,0,FALSE,"",NA,NA,NA,NA,"Defender"
497,"Richarlison","de Andrade",18,68,"0.0","212319.jpg","0.4",0,0,0,FALSE,"Calf injury - Expected back 03 Apr","2025-02-07T00:00:08.921195Z",NA,NA,2,"Forward"
498,"Cristian","Romero",18,49,"0.0","221632.jpg","3.4",100,100,1,FALSE,"","2024-11-21T14:30:08.425075Z",NA,NA,NA,"Defender"
499,"Pape Matar","Sarr",18,47,"0.2","482442.jpg","0.2",100,100,0,FALSE,"","2025-01-24T00:00:10.023844Z",NA,NA,NA,"Midfielder"
500,"Dane","Scarlett",18,44,"1.0","490145.jpg","0.7",100,100,0,FALSE,"","2024-08-14T08:32:58.295903Z",NA,NA,NA,"Forward"
502,"Manor","Solomon",18,54,"0.0","235674.jpg","0.0",0,0,0,FALSE,"Season long loan to Leeds United","2024-08-29T11:11:30.036154Z",NA,NA,NA,"Midfielder"
503,"Son","Heung-min",18,97,"3.0","85971.jpg","5.0",100,100,2,FALSE,"","2025-02-17T10:00:09.980873Z",4,NA,1,"Midfielder"
504,"Djed","Spence",18,44,"4.5","232859.jpg","1.1",100,100,2,FALSE,"","2025-01-24T12:30:09.092907Z",NA,NA,NA,"Defender"
505,"Destiny","Udogie",18,48,"1.0","487053.jpg","1.4",100,100,0,FALSE,"","2024-12-30T09:30:07.165603Z",NA,NA,NA,"Defender"
506,"Micky","van de Ven",18,45,"0.0","491279.jpg","2.4",100,100,1,FALSE,"","2025-02-14T14:30:08.767065Z",NA,NA,NA,"Defender"
507,"Alejo","Véliz",18,50,"0.0","536908.jpg","0.0",0,0,0,FALSE,"Loaned to Espanyol","2024-08-10T12:19:41.352153Z",NA,NA,NA,"Forward"
508,"Guglielmo","Vicario",18,48,"3.8","184254.jpg","1.8",100,100,1,FALSE,"","2024-11-26T00:00:08.341528Z",NA,NA,NA,"Goalkeeper"
509,"Timo","Werner",18,62,"0.2","165153.jpg","0.1",100,100,0,FALSE,"","2025-01-14T17:00:08.863619Z",NA,NA,NA,"Midfielder"
510,"Alfie","Whiteman",18,39,"0.0","175941.jpg","1.5",NA,NA,0,FALSE,"",NA,NA,NA,NA,"Goalkeeper"
609,"Will","Lankshear",18,45,"0.0","552427.jpg","1.1",0,0,0,FALSE,"Loaned to West Bromwich Albion","2025-02-06T23:45:33.840689Z",NA,NA,NA,"Forward"
610,"Mikey","Moore",18,45,"0.0","499721.jpg","0.2",100,100,0,FALSE,"","2024-11-07T09:00:08.150966Z",NA,NA,NA,"Midfielder"
612,"Wilson","Odobert",18,53,"1.0","550839.jpg","0.0",100,100,0,FALSE,"","2024-10-30T12:00:07.631102Z",NA,NA,NA,"Midfielder"
683,"Callum","Olusesi",18,45,"0.0","499726.jpg","0.0",NA,NA,0,FALSE,"",NA,NA,NA,NA,"Midfielder"
684,"Malachi","Hardy",18,40,"0.0","611920.jpg","0.0",NA,NA,0,FALSE,"",NA,NA,NA,NA,"Defender"
689,"Luca","Williams-Barnett",18,45,"0.0","611917.jpg","0.0",0,0,0,FALSE,"U18 team","2025-01-17T11:48:35.885884Z",NA,NA,NA,"Midfielder"
699,"Alfie","Dorrington",18,40,"0.0","519321.jpg","0.0",0,0,0,FALSE,"Loaned to Aberdeen","2025-01-17T12:26:25.866937Z",NA,NA,NA,"Defender"
700,"Maeson","King",18,40,"0.0","592736.jpg","0.0",NA,NA,0,FALSE,"",NA,NA,NA,NA,"Defender"
716,"Antonín","Kinsky",18,43,"0.0","485055.jpg","0.2",NA,NA,0,FALSE,"",NA,NA,NA,NA,"Goalkeeper"
717,"Min-Hyeok","Yang",18,45,"0.0","623095.jpg","0.0",0,0,0,FALSE,"Loaned to Queens Park Rangers","2025-02-03T10:24:52.232670Z",NA,NA,NA,"Midfielder"
729,"Damola","Ajayi",18,45,"0.0","574799.jpg","0.0",NA,NA,0,FALSE,"",NA,NA,NA,NA,"Midfielder"
749,"Ange","Postecoglou",18,11,"4.8","100041880.jpg","4.4",NA,NA,0,FALSE,"",NA,NA,NA,NA,"Manager"
760,"Dante","Cassanova",18,40,"0.0","501620.jpg","0.0",NA,NA,0,FALSE,"",NA,NA,NA,NA,"Defender"
767,"Kevin","Danso",18,45,"2.5","135720.jpg","0.1",100,100,0,FALSE,"","2025-02-17T10:00:10.299458Z",NA,NA,NA,"Defender"
768,"Mathys","Tel",18,60,"1.8","511499.jpg","0.2",NA,NA,0,FALSE,"",NA,NA,NA,NA,"Midfielder"
123,"Evan","Ferguson",19,55,"0.8","487117.jpg","0.3",100,100,0,FALSE,"","2024-12-31T16:00:06.783068Z",NA,5,NA,"Forward"
388,"Aaron","Wan-Bissaka",19,45,"5.2","214590.jpg","6.1",NA,NA,3,FALSE,"",NA,NA,NA,NA,"Defender"
511,"Edson","Álvarez Velázquez",19,50,"2.0","213999.jpg","0.1",100,100,0,FALSE,"","2025-02-05T18:30:09.115982Z",NA,NA,NA,"Midfielder"
512,"Michail","Antonio",19,53,"0.0","57531.jpg","0.8",0,0,1,FALSE,"Leg injury - Unknown return date","2024-12-09T17:00:08.418178Z",NA,NA,NA,"Forward"
513,"Alphonse","Areola",19,42,"3.8","84182.jpg","4.1",100,100,0,FALSE,"","2025-01-16T22:00:08.950625Z",NA,NA,NA,"Goalkeeper"
514,"Jarrod","Bowen",19,75,"4.5","178186.jpg","8.9",100,100,2,FALSE,"","2024-12-30T09:30:07.187593Z",2,NA,4,"Midfielder"
516,"Vladimír","Coufal",19,41,"0.0","164555.jpg","0.4",75,75,0,FALSE,"Hamstring injury - 75% chance of playing","2025-02-21T03:30:10.428614Z",NA,NA,NA,"Defender"
517,"Aaron","Cresswell",19,39,"3.8","55459.jpg","2.0",100,100,1,FALSE,"","2024-08-30T04:00:05.718151Z",NA,2,NA,"Defender"
519,"George","Earthy",19,45,"0.0","490885.jpg","0.0",0,0,0,FALSE,"Loaned to Bristol City","2024-08-16T11:57:26.531525Z",NA,NA,NA,"Midfielder"
520,"Emerson","Palmieri dos Santos",19,44,"0.5","109533.jpg","0.6",100,100,2,FALSE,"","2025-01-04T22:00:07.811285Z",3,1,NA,"Defender"
521,"Łukasz","Fabiański",19,41,"0.0","37096.jpg","15.2",100,100,0,FALSE,"","2024-12-27T02:00:09.942808Z",NA,NA,NA,"Goalkeeper"
522,"Wes","Foderingham",19,43,"0.0","82143.jpg","0.1",NA,NA,0,FALSE,"",NA,NA,NA,NA,"Goalkeeper"
523,"Danny","Ings",19,49,"0.0","84939.jpg","1.2",100,100,0,FALSE,"","2024-12-04T09:30:08.866937Z",NA,NA,NA,"Forward"
524,"Max","Kilman",19,43,"4.0","214048.jpg","1.2",100,100,1,FALSE,"","2024-12-27T02:00:09.960422Z",NA,NA,NA,"Defender"
525,"Mohammed","Kudus",19,62,"2.8","460842.jpg","2.5",100,100,0,FALSE,"","2024-10-19T16:00:07.402004Z",NA,NA,NA,"Midfielder"
526,"Luis Guilherme","Lira dos Santos",19,46,"0.2","577114.jpg","0.0",NA,NA,0,FALSE,"",NA,NA,NA,NA,"Midfielder"
527,"Lucas","Tolentino Coelho de Lima",19,57,"0.5","224024.jpg","0.9",75,75,0,FALSE,"Ankle injury - 75% chance of playing","2025-02-21T03:30:10.447243Z",NA,3,1,"Midfielder"
528,"Konstantinos","Mavropanos",19,43,"1.0","233963.jpg","0.1",100,100,0,FALSE,"","2025-01-18T19:00:08.794269Z",NA,NA,NA,"Defender"
529,"Nayef","Aguerd",19,44,"0.0","210494.jpg","0.0",0,0,0,FALSE,"On loan to Real Sociedad for the season","2024-09-01T09:10:50.538029Z",NA,NA,NA,"Defender"
530,"Tomáš","Souček",19,49,"3.2","215439.jpg","1.5",100,100,0,FALSE,"","2024-12-27T00:30:09.920421Z",NA,NA,NA,"Midfielder"
531,"James","Ward-Prowse",19,61,"1.5","101178.jpg","0.5",100,100,0,FALSE,"","2024-10-25T22:30:06.650947Z",1,1,NA,"Midfielder"
532,"Kurt","Zouma",19,44,"0.0","103192.jpg","0.1",0,0,0,FALSE,"On loan to Al-Orobah for the rest of the season","2024-09-02T10:44:47.323774Z",NA,NA,NA,"Defender"
576,"Andy","Irving",19,47,"0.2","229384.jpg","0.0",NA,NA,0,FALSE,"",NA,NA,NA,NA,"Midfielder"
587,"Crysencio","Summerville",19,55,"0.0","450070.jpg","0.3",0,0,0,FALSE,"Hamstring injury - Expected back 01 Apr","2025-01-11T01:30:09.528172Z",5,NA,NA,"Midfielder"
588,"Guido","Rodríguez",19,48,"0.0","197024.jpg","0.1",100,100,0,FALSE,"","2024-12-27T00:30:09.990636Z",NA,NA,NA,"Midfielder"
589,"Niclas","Füllkrug",19,67,"0.0","91889.jpg","0.8",0,0,0,FALSE,"Hamstring injury - Expected back 01 Apr","2025-01-11T01:30:09.545595Z",NA,NA,NA,"Forward"
591,"Jean-Clair","Todibo",19,42,"2.8","462116.jpg","0.2",100,100,0,FALSE,"","2025-01-04T22:00:07.950161Z",NA,NA,NA,"Defender"
643,"Kaelan","Casey",19,40,"0.0","518438.jpg","0.2",100,100,0,FALSE,"","2024-11-30T22:00:08.284898Z",NA,NA,NA,"Defender"
654,"Carlos","Soler",19,50,"0.8","224860.jpg","0.0",100,100,0,FALSE,"","2024-12-27T02:00:10.148689Z",4,4,NA,"Midfielder"
677,"Ollie","Scarles",19,40,"3.5","536109.jpg","0.2",NA,NA,0,FALSE,"",NA,NA,NA,NA,"Defender"
686,"Ezra","Mayers",19,40,"0.0","602903.jpg","0.0",NA,NA,0,FALSE,"",NA,NA,NA,NA,"Defender"
701,"Lewis","Orford",19,45,"0.0","518442.jpg","0.0",NA,NA,0,FALSE,"",NA,NA,NA,NA,"Midfielder"
750,"Graham","Potter",19,5,"7.2","100046435.jpg","4.9",NA,NA,0,FALSE,"",NA,NA,NA,NA,"Manager"
204,"Sam","Johnstone",20,42,"0.0","101982.jpg","0.3",100,100,0,FALSE,"","2025-02-17T10:00:09.414088Z",NA,NA,NA,"Goalkeeper"
533,"Rayan","Aït-Nouri",20,48,"2.5","448514.jpg","7.4",100,100,2,FALSE,"","2024-12-14T21:30:08.057496Z",NA,NA,NA,"Defender"
534,"Boubacar","Traoré",20,48,"0.0","476502.jpg","0.0",100,100,0,FALSE,"","2025-01-14T13:30:09.399865Z",NA,NA,NA,"Midfielder"
535,"Jean-Ricner","Bellegarde",20,49,"3.5","231057.jpg","0.1",NA,NA,1,FALSE,"",NA,NA,1,NA,"Midfielder"
536,"Daniel","Bentley",20,39,"0.0","79602.jpg","1.6",NA,NA,0,FALSE,"",NA,NA,NA,NA,"Goalkeeper"
537,"Francisco Jorge","Tomás Oliveira",20,45,"0.0","510363.jpg","0.1",0,0,0,FALSE,"Season long loan to RCD Mallorca","2024-09-01T09:12:21.111329Z",NA,NA,NA,"Midfielder"
538,"Tawanda","Chirewa",20,45,"0.0","497606.jpg","0.0",0,0,0,FALSE,"Loaened to Derby County","2024-08-27T08:37:28.318365Z",NA,NA,NA,"Midfielder"
539,"Leon","Chiwome",20,45,"0.0","589507.jpg","1.3",0,0,0,FALSE,"Knee injury - Expected back 01 Jun","2025-02-05T18:30:09.160636Z",NA,NA,NA,"Forward"
540,"Luke","Cundle",20,45,"0.0","245923.jpg","0.2",0,0,0,FALSE,"Loaned to Millwall","2025-02-03T10:24:24.082682Z",NA,NA,NA,"Midfielder"
541,"Matheus","Santos Carneiro Da Cunha",20,70,"5.0","430871.jpg","10.7",0,0,3,FALSE,"Suspended until 05 Apr","2025-03-01T21:30:10.092930Z",1,3,3,"Forward"
542,"Craig","Dawson",20,43,"0.0","60232.jpg","0.1",100,100,0,FALSE,"","2025-01-07T00:00:08.842045Z",NA,NA,NA,"Defender"
543,"Matt","Doherty",20,43,"2.0","87835.jpg","0.3",75,75,0,FALSE,"Knock - 75% chance of playing","2025-03-07T16:00:09.692851Z",NA,NA,NA,"Defender"
544,"Tommy","Doyle",20,47,"1.0","220394.jpg","0.0",NA,NA,0,FALSE,"",NA,NA,NA,NA,"Midfielder"
545,"Fábio","Silva",20,50,"0.0","449988.jpg","0.1",0,0,0,FALSE,"Season long loan to Las Palmas","2024-08-30T20:53:22.805927Z",NA,NA,NA,"Forward"
546,"Nathan","Fraser",20,45,"0.0","531363.jpg","1.1",0,0,0,FALSE,"Loaned to Zulte Waregem","2024-08-26T10:19:49.301076Z",NA,NA,NA,"Forward"
547,"Enso","González",20,44,"0.0","593001.jpg","0.0",0,0,0,FALSE,"Knee injury - Unknown return date","2024-08-05T15:00:04.514369Z",NA,NA,NA,"Midfielder"
548,"Gonçalo Manuel","Ganchinho Guedes",20,53,"0.5","181284.jpg","0.1",100,100,1,FALSE,"","2025-02-22T21:30:09.805820Z",NA,NA,NA,"Midfielder"
549,"Hugo","Bueno López",20,45,"0.0","490721.jpg","0.0",0,0,0,FALSE,"Loaned to Feyenoord","2024-08-14T08:32:21.592368Z",NA,NA,NA,"Defender"
550,"Hwang","Hee-chan",20,61,"0.2","184754.jpg","0.3",100,100,0,FALSE,"","2025-02-10T10:00:09.648796Z",NA,NA,1,"Midfielder"
551,"Joe","Hodge",20,45,"0.0","240299.jpg","0.2",0,0,0,FALSE,"Season long to Huddersfield Town","2024-08-29T11:12:19.576028Z",NA,NA,NA,"Midfielder"
552,"Ki-Jana","Hoever",20,40,"0.0","441271.jpg","0.1",0,0,0,FALSE,"Loaned to Auxerre","2024-08-26T10:11:13.033350Z",NA,NA,NA,"Defender"
553,"João Victor","Gomes da Silva",20,49,"2.8","448089.jpg","0.3",100,100,1,FALSE,"","2025-01-25T20:30:09.446646Z",NA,NA,NA,"Midfielder"
554,"José","Malheiro de Sá",20,43,"3.8","149065.jpg","2.6",100,100,1,FALSE,"","2024-12-12T11:30:09.069160Z",NA,NA,NA,"Goalkeeper"
555,"Saša","Kalajdžić",20,48,"0.0","429414.jpg","0.0",0,0,0,FALSE,"Knee injury - Unknown return date","2024-08-22T10:59:37.463254Z",NA,NA,NA,"Forward"
556,"Tom","King",20,40,"0.0","138001.jpg","1.3",NA,NA,0,FALSE,"",NA,NA,NA,NA,"Goalkeeper"
557,"Mario","Lemina",20,48,"0.0","151086.jpg","0.1",0,0,1,FALSE,"Loaned to Galatasaray","2025-02-06T23:46:06.386435Z",NA,NA,NA,"Midfielder"
558,"Yerson","Mosquera",20,38,"0.0","501837.jpg","0.8",0,0,0,FALSE,"Knee injury - Expected back 01 Jun","2024-09-21T20:30:06.017799Z",NA,NA,NA,"Defender"
559,"Nélson","Cabral Semedo",20,45,"3.2","200402.jpg","0.5",100,100,0,FALSE,"","2025-01-07T00:00:08.891873Z",NA,NA,NA,"Defender"
561,"Pedro","Cardoso de Lima",20,39,"0.5","641221.jpg","1.4",NA,NA,0,FALSE,"",NA,NA,NA,NA,"Defender"
562,"Daniel","Castelo Podence",20,55,"0.0","200600.jpg","0.0",0,0,0,FALSE,"Transferred to Al-Shabab","2024-09-05T10:36:18.217223Z",NA,NA,NA,"Midfielder"
563,"Rodrigo","Martins Gomes",20,51,"0.0","483081.jpg","0.1",100,100,0,FALSE,"","2025-02-17T10:00:10.093003Z",NA,NA,NA,"Midfielder"
564,"Santiago","Bueno",20,43,"2.2","231480.jpg","0.1",100,100,0,FALSE,"","2024-11-21T08:30:09.504880Z",NA,NA,NA,"Defender"
565,"Pablo","Sarabia",20,50,"1.0","88484.jpg","0.1",100,100,0,FALSE,"","2024-12-06T10:30:08.162176Z",2,2,2,"Midfielder"
566,"Jørgen","Strand Larsen",20,52,"0.8","247412.jpg","1.7",100,100,0,FALSE,"","2025-01-25T21:00:10.685757Z",NA,NA,NA,"Forward"
567,"Toti António","Gomes",20,43,"2.5","510362.jpg","0.2",100,100,1,FALSE,"","2024-12-30T09:30:07.264222Z",NA,NA,NA,"Defender"
637,"Bastien","Meupiyou",20,39,"0.0","560248.jpg","0.2",100,100,0,FALSE,"","2024-09-15T23:00:06.387765Z",NA,NA,NA,"Defender"
642,"André","Trindade da Costa Neto",20,50,"2.0","509291.jpg","0.0",100,100,0,FALSE,"","2024-12-30T09:30:07.327372Z",NA,NA,NA,"Midfielder"
655,"Carlos Roberto","Forbs Borges",20,54,"0.0","463212.jpg","0.0",100,100,0,FALSE,"","2025-01-25T21:00:11.019183Z",NA,NA,NA,"Midfielder"
664,"Alfie","Pond",20,39,"0.0","517179.jpg","0.9",NA,NA,0,FALSE,"",NA,NA,NA,NA,"Defender"
682,"Tom","Edozie",20,45,"0.0","596054.jpg","0.0",NA,NA,0,FALSE,"",NA,NA,NA,NA,"Midfielder"
711,"Wes","Okoduwa",20,40,"0.0","613467.jpg","0.0",NA,NA,0,FALSE,"",NA,NA,NA,NA,"Defender"
720,"Emmanuel","Agbadou",20,40,"0.5","516939.jpg","0.1",100,100,0,FALSE,"","2025-02-17T10:00:10.280621Z",NA,NA,NA,"Defender"
751,"Vítor Manuel","de Oliveira Lopes Pereira",20,8,"6.2","100040854.jpg","6.6",NA,NA,0,FALSE,"",NA,NA,NA,NA,"Manager"
769,"Nasser","Djiga",20,45,"0.2","531170.jpg","0.0",NA,NA,0,FALSE,"",NA,NA,NA,NA,"Defender"
770,"Marshall","Munetsi",20,50,"4.2","433312.jpg","0.0",NA,NA,0,FALSE,"",NA,NA,NA,NA,"Midfielder"
784,"Mateus","Mané",20,45,"0.0","647671.jpg","0.0",NA,NA,0,FALSE,"",NA,NA,NA,NA,"Forward"
