"Player ID","First Name","Second Name","Team","Position","Current Cost","Total Points","Bonus Points","Selected %","Goals Scored","Assists","Minutes","Clean Sheets","Goals Conceded","Own Goals","Penalties Saveed","Penalties Missed","Yellow Cards","Red Cards","Saves","Starts","xG","xA","xG Involvements","xG Conceded","Corners and Indirect Freekicks Order","Direct Freekicks Order","Penalties Order","Form"
1,"Fábio","Ferreira Vieira","Arsenal","Midfielder",5.4,0,0,0,0,0,0,0,0,0,0,0,0,0,0,0,"0.00","0.00","0.00","0.00",NA,NA,NA,0
2,"Gabriel","Fernando de Jesus","Arsenal","Forward",6.8,1,0,0.9,0,0,18,0,1,0,0,0,2,0,0,0,"0.00","0.00","0.00","0.97",NA,NA,NA,0.3
3,"Gabriel","dos Santos Magalhães","Arsenal","Defender",6.1,36,4,20.4,2,0,450,3,3,0,0,0,1,0,0,5,"1.00","0.06","1.06","6.48",NA,NA,NA,8
4,"Kai","Havertz","Arsenal","Forward",8.1,26,5,17.4,2,1,450,3,3,0,0,0,0,0,0,5,"1.63","0.12","1.75","6.48",NA,NA,3,4
5,"Karl","Hein","Arsenal","Goalkeeper",4,0,0,0,0,0,0,0,0,0,0,0,0,0,0,0,"0.00","0.00","0.00","0.00",NA,NA,NA,0
6,"Jurriën","Timber","Arsenal","Defender",5.5,15,0,1.5,0,0,358,2,2,0,0,0,2,0,0,4,"0.07","0.05","0.12","5.24",NA,NA,NA,2.7
7,"Jorge Luiz","Frello Filho","Arsenal","Midfielder",4.9,2,0,0.3,0,0,90,1,0,0,0,0,1,0,0,1,"0.00","0.00","0.00","0.74",NA,NA,NA,0.7
8,"Jakub","Kiwior","Arsenal","Defender",4.8,1,0,0.1,0,0,16,0,1,0,0,0,0,0,0,0,"0.00","0.00","0.00","0.99",NA,NA,NA,0.3
9,"Gabriel","Martinelli Silva","Arsenal","Midfielder",6.9,15,0,2.2,0,1,335,3,1,0,0,0,0,0,0,4,"0.25","0.80","1.05","4.33",NA,NA,NA,3
12,"Ethan","Nwaneri","Arsenal","Midfielder",4.5,1,0,0.3,0,0,4,0,0,0,0,0,0,0,0,0,"0.00","0.00","0.00","0.09",NA,NA,NA,0.3
13,"Martin","Ødegaard","Arsenal","Midfielder",8.2,7,0,4.4,0,0,253,2,1,0,0,0,1,0,0,3,"0.46","0.74","1.20","2.93",3,1,2,0.7
15,"David","Raya Martin","Arsenal","Goalkeeper",5.6,33,6,31.6,0,0,450,3,3,0,0,0,1,0,23,5,"0.00","0.01","0.01","6.48",NA,NA,NA,5
16,"Declan","Rice","Arsenal","Midfielder",6.3,4,0,2.9,0,0,312,2,3,0,0,0,2,1,0,4,"0.19","0.20","0.39","3.84",2,2,NA,-0.3
17,"Bukayo","Saka","Arsenal","Midfielder",10,35,4,31.8,1,5,386,3,2,0,0,0,1,0,0,5,"1.40","1.43","2.83","4.65",1,NA,1,5.7
18,"William","Saliba","Arsenal","Defender",6,20,0,34.5,0,0,450,3,3,0,0,0,1,0,0,5,"0.00","0.03","0.03","6.48",NA,NA,NA,2.7
20,"Thomas","Partey","Arsenal","Midfielder",5,19,3,1.5,1,0,450,3,3,0,0,0,2,0,0,5,"0.16","0.23","0.39","6.48",NA,NA,NA,1.7
21,"Kieran","Tierney","Arsenal","Defender",4.4,0,0,0,0,0,0,0,0,0,0,0,0,0,0,0,"0.00","0.00","0.00","0.00",NA,NA,NA,0
22,"Tomiyasu","Takehiro","Arsenal","Defender",4.8,0,0,0,0,0,0,0,0,0,0,0,0,0,0,0,"0.00","0.00","0.00","0.00",NA,NA,NA,0
23,"Leandro","Trossard","Arsenal","Midfielder",6.9,10,1,1.6,1,0,224,1,3,0,0,0,0,1,0,3,"0.34","0.13","0.47","2.45",4,NA,NA,0.7
24,"Benjamin","White","Arsenal","Defender",6.4,21,0,7.5,0,0,405,3,2,0,0,0,0,0,0,4,"0.11","0.09","0.20","5.88",NA,NA,NA,3
25,"Oleksandr","Zinchenko","Arsenal","Defender",4.8,7,0,1.5,0,0,78,1,0,0,0,0,0,0,0,1,"0.00","0.04","0.04","0.60",NA,NA,NA,0.3
73,"Norberto","Murara Neto","Arsenal","Goalkeeper",4.3,7,0,1.4,0,0,180,0,2,0,0,0,0,0,11,2,"0.00","0.00","0.00","2.91",NA,NA,NA,0
186,"Raheem","Sterling","Arsenal","Midfielder",6.8,1,0,1.1,0,0,10,0,0,0,0,0,0,0,0,0,"0.00","0.00","0.00","0.13",NA,NA,NA,0.3
578,"Riccardo","Calafiori","Arsenal","Defender",5.8,11,1,1.6,1,0,115,0,1,0,0,0,0,0,0,1,"0.02","0.00","0.02","2.22",NA,NA,NA,3.3
597,"Myles","Lewis-Skelly","Arsenal","Midfielder",4.5,0,0,0.1,0,0,1,0,1,0,0,0,1,0,0,0,"0.00","0.00","0.00","0.49",NA,NA,NA,0
633,"Mikel","Merino","Arsenal","Midfielder",6,0,0,0,0,0,0,0,0,0,0,0,0,0,0,0,"0.00","0.00","0.00","0.00",NA,NA,NA,0
638,"Salah-Eddine","Oulad M'hand","Arsenal","Midfielder",4.5,0,0,0,0,0,0,0,0,0,0,0,0,0,0,0,"0.00","0.00","0.00","0.00",NA,NA,NA,0
639,"Tommy","Setford","Arsenal","Goalkeeper",4.5,0,0,0,0,0,0,0,0,0,0,0,0,0,0,0,"0.00","0.00","0.00","0.00",NA,NA,NA,0
657,"Maldini","Kacurri","Arsenal","Defender",4,0,0,0,0,0,0,0,0,0,0,0,0,0,0,0,"0.00","0.00","0.00","0.00",NA,NA,NA,0
658,"Ayden","Heaven","Arsenal","Defender",4,0,0,0,0,0,0,0,0,0,0,0,0,0,0,0,"0.00","0.00","0.00","0.00",NA,NA,NA,0
659,"Ismeal","Kabia","Arsenal","Midfielder",4.5,0,0,0,0,0,0,0,0,0,0,0,0,0,0,0,"0.00","0.00","0.00","0.00",NA,NA,NA,0
28,"Leon","Bailey","Aston Villa","Midfielder",6.4,5,0,1.3,0,0,223,0,3,0,0,0,1,0,0,3,"0.32","0.57","0.89","2.26",3,4,NA,0.7
29,"Ross","Barkley","Aston Villa","Midfielder",5.3,6,0,0.5,0,1,115,0,2,0,0,0,1,0,0,0,"0.10","0.11","0.21","0.89",NA,NA,NA,1.7
30,"Enzo","Barrenechea","Aston Villa","Midfielder",4.9,0,0,0,0,0,0,0,0,0,0,0,0,0,0,0,"0.00","0.00","0.00","0.00",NA,NA,NA,0
31,"Emiliano","Buendía Stati","Aston Villa","Midfielder",5.3,2,0,0.1,0,0,7,0,0,0,0,0,0,0,0,0,"0.00","0.01","0.01","0.09",NA,NA,NA,0.7
32,"Matty","Cash","Aston Villa","Defender",4.4,3,0,1.3,0,0,96,0,1,0,0,0,0,0,0,2,"0.00","0.01","0.01","1.53",NA,NA,NA,0
33,"Leander","Dendoncker","Aston Villa","Midfielder",4.5,0,0,0.5,0,0,0,0,0,0,0,0,0,0,0,0,"0.00","0.00","0.00","0.00",NA,NA,NA,0
34,"Moussa","Diaby","Aston Villa","Midfielder",6.5,0,0,0,0,0,0,0,0,0,0,0,0,0,0,0,"0.00","0.00","0.00","0.00",NA,NA,NA,0
35,"Diego Carlos","Santos Silva","Aston Villa","Defender",4.5,2,0,0.4,0,0,90,0,1,0,0,0,0,0,0,1,"0.00","0.01","0.01","0.51",NA,NA,NA,0.7
36,"Lucas","Digne","Aston Villa","Defender",4.6,16,2,8,0,2,351,0,6,0,0,0,0,0,0,5,"0.00","0.95","0.95","3.51",4,2,NA,4
37,"Lewis","Dobbin","Aston Villa","Midfielder",5,0,0,0,0,0,0,0,0,0,0,0,0,0,0,0,"0.00","0.00","0.00","0.00",NA,NA,NA,0
38,"Jhon","Durán","Aston Villa","Forward",6.2,25,5,5.5,4,0,131,0,3,0,0,0,1,0,0,0,"2.07","0.14","2.21","2.19",NA,NA,NA,6
39,"Joe","Gauci","Aston Villa","Goalkeeper",4,0,0,0.9,0,0,0,0,0,0,0,0,0,0,0,0,"0.00","0.00","0.00","0.00",NA,NA,NA,0
40,"Kortney","Hause","Aston Villa","Defender",4,0,0,0.6,0,0,0,0,0,0,0,0,0,0,0,0,"0.00","0.00","0.00","0.00",NA,NA,NA,0
41,"Samuel","Iling-Junior","Aston Villa","Midfielder",5.4,0,0,0,0,0,0,0,0,0,0,0,0,0,0,0,"0.00","0.00","0.00","0.00",NA,NA,NA,0
42,"Boubacar","Kamara","Aston Villa","Midfielder",5,0,0,0,0,0,0,0,0,0,0,0,0,0,0,0,"0.00","0.00","0.00","0.00",NA,NA,NA,0
43,"Kaine","Kesler-Hayden","Aston Villa","Defender",4,0,0,0,0,0,0,0,0,0,0,0,0,0,0,0,"0.00","0.00","0.00","0.00",NA,NA,NA,0
44,"Ezri","Konsa Ngoyo","Aston Villa","Defender",4.5,15,1,13.8,1,0,450,0,7,0,0,0,0,0,0,5,"0.28","0.05","0.33","5.19",NA,NA,NA,4
45,"Ian","Maatsen","Aston Villa","Defender",4.9,5,0,2.2,0,0,107,0,1,0,0,0,0,0,0,0,"0.01","0.55","0.56","1.72",NA,NA,NA,1
46,"Filip","Marschall","Aston Villa","Goalkeeper",4,0,0,0,0,0,0,0,0,0,0,0,0,0,0,0,"0.00","0.00","0.00","0.00",NA,NA,NA,0
47,"Emiliano","Martínez Romero","Aston Villa","Goalkeeper",5,9,0,13.2,0,0,450,0,7,0,0,0,1,0,10,5,"0.00","0.00","0.00","5.19",NA,NA,NA,1.7
48,"John","McGinn","Aston Villa","Midfielder",5.3,9,0,1.3,0,0,349,1,5,0,0,0,1,0,0,5,"0.51","0.54","1.05","3.41",NA,3,NA,1.3
49,"Tyrone","Mings","Aston Villa","Defender",4.4,0,0,0,0,0,0,0,0,0,0,0,0,0,0,0,"0.00","0.00","0.00","0.00",NA,NA,NA,0
50,"Kosta","Nedeljković","Aston Villa","Defender",4,3,0,1.6,0,0,93,0,2,0,0,0,0,0,0,0,"0.00","0.02","0.02","1.84",NA,NA,NA,0.3
51,"Robin","Olsen","Aston Villa","Goalkeeper",4.5,0,0,0.1,0,0,0,0,0,0,0,0,0,0,0,0,"0.00","0.00","0.00","0.00",NA,NA,NA,0
52,"Pau","Torres","Aston Villa","Defender",4.5,7,0,2.2,0,0,450,0,7,0,0,0,1,0,0,5,"0.00","0.08","0.08","5.19",NA,NA,NA,1.3
53,"Jacob","Ramsey","Aston Villa","Midfielder",5.5,11,0,0.4,0,1,245,0,6,0,0,0,0,0,0,2,"0.41","0.79","1.20","3.26",NA,NA,NA,2
54,"Morgan","Rogers","Aston Villa","Midfielder",5.2,18,3,17.8,0,2,450,0,7,0,0,0,1,0,0,5,"0.55","0.99","1.54","5.19",NA,NA,NA,4.7
55,"Viljami","Sinisalo","Aston Villa","Goalkeeper",4,0,0,0,0,0,0,0,0,0,0,0,0,0,0,0,"0.00","0.00","0.00","0.00",NA,NA,NA,0
56,"Lino","da Cruz Sousa","Aston Villa","Defender",4,0,0,0.1,0,0,0,0,0,0,0,0,0,0,0,0,"0.00","0.00","0.00","0.00",NA,NA,NA,0
57,"Youri","Tielemans","Aston Villa","Midfielder",5.5,17,2,1.5,0,2,450,0,7,0,0,0,1,0,0,5,"0.18","1.38","1.56","5.19",2,NA,NA,2.7
58,"Ollie","Watkins","Aston Villa","Forward",9,28,3,28.7,3,1,358,2,4,0,0,0,0,0,0,5,"3.10","0.14","3.24","3.13",NA,NA,2,8
233,"Amadou","Onana","Aston Villa","Midfielder",5.2,23,5,11.8,2,0,332,1,5,0,0,0,2,0,0,5,"1.11","0.11","1.22","4.30",NA,NA,NA,4
569,"Jaden","Philogene","Aston Villa","Midfielder",5.3,1,0,0,0,0,17,0,0,0,0,0,1,0,0,0,"0.07","0.01","0.08","1.15",NA,NA,NA,0.3
598,"Lamare","Bogarde","Aston Villa","Defender",4,2,0,0.4,0,0,168,0,3,0,0,0,1,0,0,2,"0.00","0.08","0.08","1.30",NA,NA,NA,0.7
640,"Sil","Swinkels","Aston Villa","Defender",4,0,0,0.1,0,0,0,0,0,0,0,0,0,0,0,0,"0.00","0.00","0.00","0.00",NA,NA,NA,0
641,"Oliwier","Zych","Aston Villa","Goalkeeper",4,0,0,0.4,0,0,0,0,0,0,0,0,0,0,0,0,"0.00","0.00","0.00","0.00",NA,NA,NA,0
656,"Kadan","Young","Aston Villa","Midfielder",4.5,0,0,0.2,0,0,0,0,0,0,0,0,0,0,0,0,"0.00","0.00","0.00","0.00",NA,NA,NA,0
59,"Max","Aarons","Bournemouth","Defender",4.4,0,0,0.2,0,0,0,0,0,0,0,0,0,0,0,0,"0.00","0.00","0.00","0.00",NA,NA,NA,0
60,"Tyler","Adams","Bournemouth","Midfielder",4.9,0,0,0,0,0,0,0,0,0,0,0,0,0,0,0,"0.00","0.00","0.00","0.00",NA,NA,NA,0
61,"Jaidon","Anthony","Bournemouth","Midfielder",4.5,0,0,0.2,0,0,0,0,0,0,0,0,0,0,0,0,"0.00","0.00","0.00","0.00",NA,NA,NA,0
62,"David","Brooks","Bournemouth","Midfielder",4.9,0,0,0,0,0,0,0,0,0,0,0,0,0,0,0,"0.00","0.00","0.00","0.00",NA,NA,NA,0
63,"Ryan","Christie","Bournemouth","Midfielder",4.9,8,0,0.2,0,0,290,2,5,0,0,0,3,0,0,4,"0.08","0.15","0.23","4.36",4,NA,NA,1.7
64,"Lewis","Cook","Bournemouth","Midfielder",5,12,0,0.1,1,0,443,0,8,0,0,0,3,0,0,5,"0.23","0.73","0.96","7.46",1,NA,NA,3
65,"Enes","Ünal","Bournemouth","Forward",5.4,2,0,0,0,0,21,0,1,0,0,0,0,0,0,0,"0.12","0.04","0.16","0.69",NA,NA,NA,0.7
66,"Romain","Faivre","Bournemouth","Midfielder",5,0,0,0,0,0,0,0,0,0,0,0,0,0,0,0,"0.00","0.00","0.00","0.00",NA,NA,NA,0
67,"Hamed","Traorè","Bournemouth","Midfielder",4.5,0,0,0.1,0,0,0,0,0,0,0,0,0,0,0,0,"0.00","0.00","0.00","0.00",NA,NA,NA,0
68,"James","Hill","Bournemouth","Defender",4,0,0,0.4,0,0,0,0,0,0,0,0,0,0,0,0,"0.00","0.00","0.00","0.00",NA,NA,NA,0
69,"Daniel","Jebbison","Bournemouth","Forward",4.5,2,0,2.4,0,0,26,0,0,0,0,0,0,0,0,0,"0.00","0.00","0.00","0.34",NA,NA,NA,0
70,"Milos","Kerkez","Bournemouth","Defender",4.5,7,0,0.5,0,0,425,0,8,0,0,0,1,0,0,5,"0.09","0.17","0.26","7.46",NA,NA,NA,1.3
71,"Justin","Kluivert","Bournemouth","Midfielder",5.4,10,0,0.3,0,1,306,2,5,0,0,0,3,0,0,4,"0.57","0.44","1.01","4.41",NA,4,2,2.3
72,"Chris","Mepham","Bournemouth","Defender",4.4,0,0,0,0,0,0,0,0,0,0,0,0,0,0,0,"0.00","0.00","0.00","0.00",NA,NA,NA,0
74,"Dango","Ouattara","Bournemouth","Midfielder",5,8,0,0,0,1,155,0,2,0,0,0,0,0,0,1,"0.48","0.80","1.28","3.27",NA,NA,NA,1.7
75,"Alex","Paulsen","Bournemouth","Goalkeeper",4,0,0,0,0,0,0,0,0,0,0,0,0,0,0,0,"0.00","0.00","0.00","0.00",NA,NA,NA,0
76,"Philip","Billing","Bournemouth","Midfielder",4.8,2,0,0.1,0,0,21,0,1,0,0,0,0,0,0,0,"0.00","0.09","0.09","0.58",NA,1,NA,0.3
77,"Alex","Scott","Bournemouth","Midfielder",4.9,6,0,0,0,0,155,0,3,0,0,0,0,0,0,1,"0.12","0.05","0.17","3.36",3,3,NA,1
78,"Antoine","Semenyo","Bournemouth","Midfielder",5.6,22,1,8.4,2,1,429,0,8,0,0,0,2,0,0,5,"1.66","1.34","3.00","7.31",NA,NA,NA,3
79,"Marcos","Senesi","Bournemouth","Defender",4.8,3,0,0.6,0,0,256,0,4,0,0,0,2,0,0,3,"0.00","0.09","0.09","4.28",NA,NA,NA,0.7
80,"Luis","Sinisterra","Bournemouth","Midfielder",5,16,2,0.5,1,1,148,0,3,0,0,0,0,0,0,1,"1.00","0.32","1.32","3.03",NA,NA,NA,4.3
81,"Adam","Smith","Bournemouth","Defender",4.5,10,0,0.2,0,0,174,1,1,0,0,0,1,0,0,2,"0.00","0.01","0.01","2.03",NA,NA,NA,2.3
83,"Marcus","Tavernier","Bournemouth","Midfielder",5.5,18,2,0.4,1,0,436,1,7,0,0,0,0,0,0,5,"2.04","0.71","2.75","7.37",2,2,NA,2.3
84,"Mark","Travers","Bournemouth","Goalkeeper",4.4,2,0,0.1,0,0,90,0,1,0,0,0,0,0,2,1,"0.00","0.00","0.00","0.78",NA,NA,NA,0.7
85,"Illia","Zabarnyi","Bournemouth","Defender",4.5,8,0,0.4,0,0,450,0,8,0,0,0,0,0,0,5,"0.19","0.05","0.24","7.72",NA,NA,NA,1.3
152,"Kepa","Arrizabalaga","Bournemouth","Goalkeeper",4.5,7,0,0.6,0,0,180,0,5,0,0,0,0,0,15,2,"0.00","0.00","0.00","4.03",NA,NA,NA,2.3
580,"Dean","Huijsen","Bournemouth","Defender",4.4,3,0,0.1,0,0,193,0,4,0,0,0,1,0,0,2,"0.04","0.01","0.05","3.44",NA,NA,NA,0.3
592,"Julián","Araujo Zúñiga","Bournemouth","Defender",4.5,6,0,0.2,0,0,272,0,7,0,0,0,0,0,0,3,"0.00","0.03","0.03","5.70",NA,NA,NA,1
599,"Will","Dennis","Bournemouth","Goalkeeper",4,0,0,0.4,0,0,0,0,0,0,0,0,0,0,0,0,"0.00","0.00","0.00","0.00",NA,NA,NA,0
617,"Francisco Evanilson","de Lima Barbosa","Bournemouth","Forward",5.9,6,0,0.4,0,0,277,2,5,0,0,1,0,0,0,4,"1.90","0.39","2.29","4.43",NA,NA,1,1.3
86,"Kristoffer","Ajer","Brentford","Defender",4.5,5,0,0.4,0,0,367,0,7,0,0,0,1,0,0,5,"0.28","0.04","0.32","8.78",NA,NA,NA,0.7
87,"Ethan","Brierley","Brentford","Midfielder",4.5,0,0,0.1,0,0,0,0,0,0,0,0,0,0,0,0,"0.00","0.00","0.00","0.00",NA,NA,NA,0
88,"Nathan","Collins","Brentford","Defender",4.5,13,1,1.3,0,2,450,0,9,0,0,0,1,0,0,5,"0.53","0.02","0.55","11.08",NA,NA,NA,2
89,"Mikkel","Damsgaard","Brentford","Midfielder",5,9,0,0.1,0,0,282,1,5,0,0,0,0,0,0,3,"0.32","0.40","0.72","7.68",4,NA,NA,2.3
90,"Josh","Dasilva","Brentford","Midfielder",4.9,0,0,0,0,0,0,0,0,0,0,0,0,0,0,0,"0.00","0.00","0.00","0.00",NA,NA,NA,0
91,"Mark","Flekken","Brentford","Goalkeeper",4.5,15,0,11.1,0,0,450,0,9,0,0,0,0,0,28,5,"0.00","0.02","0.02","11.08",NA,NA,NA,2.7
92,"Rico","Henry","Brentford","Defender",4.4,0,0,0,0,0,0,0,0,0,0,0,0,0,0,0,"0.00","0.00","0.00","0.00",NA,NA,NA,0
93,"Aaron","Hickey","Brentford","Defender",4.4,0,0,0,0,0,0,0,0,0,0,0,0,0,0,0,"0.00","0.00","0.00","0.00",NA,NA,NA,0
94,"Vitaly","Janelt","Brentford","Midfielder",4.9,11,0,0.2,0,0,380,1,8,0,0,0,0,0,0,5,"0.07","0.20","0.27","8.66",NA,NA,NA,2.3
95,"Mathias","Jensen","Brentford","Midfielder",5.4,9,1,0.1,0,1,238,0,3,0,0,0,1,0,0,3,"0.10","0.46","0.56","4.17",2,3,NA,2
96,"Kim","Ji-soo","Brentford","Defender",4,0,0,0.2,0,0,0,0,0,0,0,0,0,0,0,0,"0.00","0.00","0.00","0.00",NA,NA,NA,0
97,"Yunus Emre","Konak","Brentford","Midfielder",4.5,1,0,0.1,0,0,11,0,1,0,0,0,0,0,0,0,"0.00","0.00","0.00","0.51",NA,NA,NA,0.3
98,"Keane","Lewis-Potter","Brentford","Midfielder",5,11,0,0.1,0,1,276,0,7,0,0,0,0,0,0,3,"0.10","0.21","0.31","8.88",NA,NA,NA,2.7
99,"Bryan","Mbeumo","Brentford","Midfielder",7.2,34,6,16.4,4,0,449,0,9,0,0,0,2,0,0,5,"1.76","1.28","3.04","11.08",1,2,2,8
100,"Ben","Mee","Brentford","Defender",4.4,1,0,0.6,0,0,1,0,0,0,0,0,0,0,0,0,"0.00","0.00","0.00","0.00",NA,NA,NA,0
101,"Christian","Nørgaard","Brentford","Midfielder",4.9,7,0,0.1,0,0,360,0,6,0,0,0,1,0,0,4,"0.37","0.07","0.44","7.56",NA,NA,NA,1.3
102,"Frank","Onyeka","Brentford","Midfielder",4.9,2,0,0,0,0,23,0,0,0,0,0,0,0,0,0,"0.00","0.02","0.02","0.69",NA,NA,NA,0
103,"Myles","Peart-Harris","Brentford","Midfielder",4.5,0,0,0,0,0,0,0,0,0,0,0,0,0,0,0,"0.00","0.00","0.00","0.00",NA,NA,NA,0
104,"Ethan","Pinnock","Brentford","Defender",4.5,4,0,0.4,0,0,450,0,9,1,0,0,1,0,0,5,"0.23","0.04","0.27","11.08",NA,NA,NA,1
105,"Mads","Roerslev Rasmussen","Brentford","Defender",4.5,6,0,0.1,0,0,260,0,5,0,0,0,0,0,0,2,"0.01","0.18","0.19","6.12",NA,NA,NA,1
106,"Kevin","Schade","Brentford","Midfielder",5.4,11,0,0.2,0,1,236,1,2,0,0,0,0,0,0,2,"0.42","0.03","0.45","3.67",NA,NA,NA,2.7
107,"Igor Thiago","Nascimento Rodrigues","Brentford","Forward",5.9,0,0,0,0,0,0,0,0,0,0,0,0,0,0,0,"0.00","0.00","0.00","0.00",NA,NA,NA,0
108,"Ivan","Toney","Brentford","Forward",7.3,0,0,1.6,0,0,0,0,0,0,0,0,0,0,0,0,"0.00","0.00","0.00","0.00",NA,NA,NA,0
109,"Hákon","Valdimarsson","Brentford","Goalkeeper",4,0,0,3.6,0,0,0,0,0,0,0,0,0,0,0,0,"0.00","0.00","0.00","0.00",NA,NA,NA,0
110,"Yoane","Wissa","Brentford","Forward",6,28,7,3.3,3,1,290,0,6,0,0,0,1,0,0,4,"2.43","0.27","2.70","5.38",NA,NA,4,5
111,"Yehor","Yarmoliuk","Brentford","Midfielder",4.5,3,0,2.2,0,0,68,0,2,0,0,0,0,0,0,1,"0.04","0.01","0.05","3.01",NA,NA,NA,1
112,"Mathias","Jorgensen","Brentford","Defender",4.5,0,0,0,0,0,0,0,0,0,0,0,0,0,0,0,"0.00","0.00","0.00","0.00",NA,NA,NA,0
314,"Fábio","Freitas Gouveia Carvalho","Brentford","Midfielder",4.8,6,0,0.9,0,0,142,0,5,0,0,0,0,0,0,1,"0.08","0.35","0.43","6.25",NA,NA,NA,1.3
338,"Sepp","van den Berg","Brentford","Defender",4,3,0,1.5,0,0,195,0,6,0,0,0,0,0,0,2,"0.00","0.22","0.22","6.22",NA,NA,NA,1
602,"Ryan","Trevitt","Brentford","Midfielder",4.5,1,0,0.1,0,0,3,0,0,0,0,0,0,0,0,0,"0.00","0.00","0.00","0.00",NA,NA,NA,0.3
634,"Gustavo","Nunes Fernandes Gomes","Brentford","Midfielder",5,0,0,0,0,0,0,0,0,0,0,0,0,0,0,0,"0.00","0.00","0.00","0.00",NA,NA,NA,0
649,"Jayden","Meghoma","Brentford","Defender",4,0,0,0,0,0,0,0,0,0,0,0,0,0,0,0,"0.00","0.00","0.00","0.00",NA,NA,NA,0
661,"Tony","Yogane","Brentford","Midfielder",4.5,0,0,0,0,0,0,0,0,0,0,0,0,0,0,0,"0.00","0.00","0.00","0.00",NA,NA,NA,0
113,"Simon","Adingra","Brighton","Midfielder",5.5,14,0,0.8,1,1,134,0,1,0,0,0,0,0,0,1,"0.32","0.65","0.97","1.31",NA,NA,NA,1.3
114,"Benicio","Baker-Boaitey","Brighton","Midfielder",4.5,0,0,0,0,0,0,0,0,0,0,0,0,0,0,0,"0.00","0.00","0.00","0.00",NA,NA,NA,0
115,"Carlos","Baleba","Brighton","Midfielder",5,7,0,0.1,0,0,258,1,2,0,0,0,1,0,0,3,"0.41","0.08","0.49","3.39",NA,NA,NA,2
116,"Valentín","Barco","Brighton","Defender",4,0,0,7.5,0,0,0,0,0,0,0,0,0,0,0,0,"0.00","0.00","0.00","0.00",NA,NA,NA,0
118,"Amario","Cozier-Duberry","Brighton","Midfielder",4.5,0,0,0.1,0,0,0,0,0,0,0,0,0,0,0,0,"0.00","0.00","0.00","0.00",NA,NA,NA,0
119,"Mahmoud","Dahoud","Brighton","Midfielder",4.9,0,0,0,0,0,0,0,0,0,0,0,0,0,0,0,"0.00","0.00","0.00","0.00",NA,NA,NA,0
120,"Lewis","Dunk","Brighton","Defender",4.6,16,0,7.7,0,0,435,2,4,0,0,0,1,0,0,5,"0.16","0.28","0.44","5.84",NA,2,NA,2.7
121,"Julio","Enciso","Brighton","Midfielder",5.4,3,0,0.1,0,0,39,0,0,0,0,0,0,0,0,0,"0.08","0.12","0.20","0.24",2,NA,NA,0.7
122,"Pervis","Estupiñán","Brighton","Defender",5,2,0,0.5,0,0,99,0,2,0,0,0,0,0,0,1,"0.06","0.24","0.30","2.47",NA,NA,NA,0.7
123,"Evan","Ferguson","Brighton","Forward",5.5,2,0,0.2,0,0,13,0,0,0,0,0,0,0,0,0,"0.11","0.00","0.11","0.00",NA,NA,NA,0.7
124,"Billy","Gilmour","Brighton","Midfielder",5,3,0,0.1,0,0,97,0,1,0,0,0,0,0,0,1,"0.08","0.04","0.12","1.32",NA,NA,NA,0
125,"Pascal","Groß","Brighton","Midfielder",6.5,0,0,0,0,0,0,0,0,0,0,0,0,0,0,0,"0.00","0.00","0.00","0.00",NA,NA,NA,0
126,"Jack","Hinshelwood","Brighton","Midfielder",5,19,3,0.1,1,0,426,2,4,0,0,0,1,0,0,5,"0.32","0.60","0.92","5.70",NA,NA,NA,4.7
127,"Ibrahim","Osman","Brighton","Midfielder",5,0,0,0,0,0,0,0,0,0,0,0,0,0,0,0,"0.00","0.00","0.00","0.00",NA,NA,NA,0
128,"Igor Julio","dos Santos de Paulo","Brighton","Defender",4.4,0,0,0.1,0,0,0,0,0,0,0,0,0,0,0,0,"0.00","0.00","0.00","0.00",NA,NA,NA,0
129,"João Pedro","Junqueira de Jesus","Brighton","Forward",5.6,19,5,24.1,2,0,280,1,2,0,0,0,1,0,0,3,"0.90","0.26","1.16","3.96",NA,NA,1,3
130,"Kacper","Kozłowski","Brighton","Midfielder",4.5,0,0,0,0,0,0,0,0,0,0,0,0,0,0,0,"0.00","0.00","0.00","0.00",NA,NA,NA,0
131,"Tariq","Lamptey","Brighton","Defender",4.5,0,0,0.2,0,0,0,0,0,0,0,0,0,0,0,0,"0.00","0.00","0.00","0.00",NA,NA,NA,0
132,"Solly","March","Brighton","Midfielder",6.5,0,0,0,0,0,0,0,0,0,0,0,0,0,0,0,"0.00","0.00","0.00","0.00",NA,NA,NA,0
133,"Adrian","Mazilu","Brighton","Midfielder",4.5,0,0,0,0,0,0,0,0,0,0,0,0,0,0,0,"0.00","0.00","0.00","0.00",NA,NA,NA,0
134,"James","Milner","Brighton","Midfielder",5,5,0,0.1,0,0,169,1,1,0,0,0,1,0,0,3,"0.16","0.15","0.31","1.98",1,NA,NA,0.3
135,"Yankuba","Minteh","Brighton","Midfielder",5.5,13,0,1.9,0,2,300,1,3,0,0,0,2,0,0,4,"0.48","1.16","1.64","3.58",3,NA,NA,2.3
136,"Mitoma","Kaoru","Brighton","Midfielder",6.7,24,1,9.3,1,2,441,2,4,0,0,0,0,0,0,5,"1.66","1.00","2.66","5.73",NA,NA,NA,3.3
137,"Jakub","Moder","Brighton","Midfielder",4.4,0,0,0.8,0,0,0,0,0,0,0,0,0,0,0,0,"0.00","0.00","0.00","0.00",NA,NA,NA,0
138,"Mark","O’Mahony","Brighton","Forward",4.5,0,0,0.4,0,0,0,0,0,0,0,0,0,0,0,0,"0.00","0.00","0.00","0.00",NA,NA,NA,0
139,"Odeluga","Offiah","Brighton","Defender",4,0,0,0.1,0,0,0,0,0,0,0,0,0,0,0,0,"0.00","0.00","0.00","0.00",NA,NA,NA,0
140,"Cameron","Peupion","Brighton","Midfielder",4.5,0,0,0.1,0,0,0,0,0,0,0,0,0,0,0,0,"0.00","0.00","0.00","0.00",NA,NA,NA,0
141,"Jeremy","Sarmiento Morante","Brighton","Midfielder",4.9,1,0,0,0,0,8,0,0,0,0,0,0,0,0,0,"0.00","0.00","0.00","0.00",NA,NA,NA,0
142,"Jason","Steele","Brighton","Goalkeeper",4.5,9,1,1.9,0,0,180,1,1,0,0,0,0,0,3,2,"0.00","0.00","0.00","1.88",NA,NA,NA,0
143,"Deniz","Undav","Brighton","Forward",5.5,0,0,0,0,0,0,0,0,0,0,0,0,0,0,0,"0.00","0.00","0.00","0.00",NA,NA,NA,0
144,"Jan Paul","van Hecke","Brighton","Defender",4.5,19,0,0.9,0,1,450,2,4,0,0,0,1,0,0,5,"0.05","0.13","0.18","5.84",NA,NA,NA,4
145,"Joël","Veltman","Brighton","Defender",4.5,20,4,3.7,0,0,431,2,4,0,0,0,1,0,0,5,"0.05","0.49","0.54","4.89",NA,NA,NA,3.3
146,"Bart","Verbruggen","Brighton","Goalkeeper",4.5,10,0,2.1,0,0,270,1,3,0,0,0,1,0,9,3,"0.00","0.00","0.00","3.96",NA,NA,NA,3.3
147,"Adam","Webster","Brighton","Defender",4.4,1,0,0.1,0,0,14,0,0,0,0,0,0,0,0,0,"0.00","0.02","0.02","0.00",NA,NA,NA,0
148,"Danny","Welbeck","Brighton","Forward",5.8,31,7,19.2,3,1,426,2,4,0,0,0,1,0,0,5,"1.96","0.26","2.22","5.73",NA,3,3,3.3
149,"Mats","Wieffer","Brighton","Midfielder",4.9,7,0,0.1,0,1,118,1,1,0,0,0,0,0,0,1,"0.00","0.03","0.03","1.12",NA,NA,NA,0.3
595,"Brajan","Gruda","Brighton","Midfielder",5.4,0,0,0,0,0,0,0,0,0,0,0,0,0,0,0,"0.00","0.00","0.00","0.00",NA,NA,NA,0
600,"Yasin","Ayari","Brighton","Midfielder",5,7,0,0,0,0,165,1,1,0,0,0,0,0,0,1,"0.52","0.39","0.91","2.32",NA,NA,NA,1.7
601,"Andrew","Moran","Brighton","Midfielder",5,0,0,0,0,0,0,0,0,0,0,0,0,0,0,0,"0.00","0.00","0.00","0.00",NA,NA,NA,0
615,"Carl","Rushworth","Brighton","Goalkeeper",4,0,0,0.1,0,0,0,0,0,0,0,0,0,0,0,0,"0.00","0.00","0.00","0.00",NA,NA,NA,0
618,"Georginio","Rutter","Brighton","Midfielder",5.5,7,0,0.1,0,0,155,1,2,0,0,0,0,0,0,2,"0.85","0.16","1.01","2.78",NA,NA,NA,2
628,"Ferdi","Kadioglu","Brighton","Defender",4.5,1,0,0.2,0,0,23,0,0,0,0,0,0,0,0,0,"0.03","0.02","0.05","0.14",NA,NA,NA,0.3
629,"Matt","O'Riley","Brighton","Midfielder",5.5,0,0,0,0,0,0,0,0,0,0,0,0,0,0,0,"0.00","0.00","0.00","0.00",NA,NA,NA,0
150,"Andrey","Nascimento dos Santos","Chelsea","Midfielder",4.5,0,0,0,0,0,0,0,0,0,0,0,0,0,0,0,"0.00","0.00","0.00","0.00",NA,NA,NA,0
151,"Ângelo Gabriel","Borges Damaceno","Chelsea","Midfielder",4.5,0,0,0.2,0,0,0,0,0,0,0,0,0,0,0,0,"0.00","0.00","0.00","0.00",NA,NA,NA,0
153,"Benoît","Badiashile","Chelsea","Defender",4.4,0,0,0.1,0,0,0,0,0,0,0,0,0,0,0,0,"0.00","0.00","0.00","0.00",NA,NA,NA,0
154,"Lucas","Bergström","Chelsea","Goalkeeper",4,0,0,0.3,0,0,0,0,0,0,0,0,0,0,0,0,"0.00","0.00","0.00","0.00",NA,NA,NA,0
155,"Marcus","Bettinelli","Chelsea","Goalkeeper",4,0,0,0.4,0,0,0,0,0,0,0,0,0,0,0,0,"0.00","0.00","0.00","0.00",NA,NA,NA,0
157,"Moisés","Caicedo Corozo","Chelsea","Midfielder",4.9,14,0,0.9,0,1,435,2,5,0,0,0,1,0,0,5,"0.13","0.62","0.75","5.64",NA,NA,NA,3.7
158,"Cesare","Casadei","Chelsea","Midfielder",4.5,0,0,0.1,0,0,0,0,0,0,0,0,0,0,0,0,"0.00","0.00","0.00","0.00",NA,NA,NA,0
160,"Ben","Chilwell","Chelsea","Defender",4.8,0,0,0.6,0,0,0,0,0,0,0,0,0,0,0,0,"0.00","0.00","0.00","0.00",NA,NA,NA,0
161,"Carney","Chukwuemeka","Chelsea","Midfielder",4.9,0,0,0.1,0,0,0,0,0,0,0,0,0,0,0,0,"0.00","0.00","0.00","0.00",NA,NA,NA,0
162,"Levi","Colwill","Chelsea","Defender",4.5,16,1,2.6,0,0,450,2,5,0,0,0,1,0,0,5,"0.18","0.48","0.66","5.76",NA,NA,NA,4.7
163,"Marc","Cucurella Saseta","Chelsea","Defender",5,14,0,6.1,0,0,431,2,4,0,0,0,3,0,0,5,"0.00","0.24","0.24","5.56",NA,NA,NA,4
164,"David Datro","Fofana","Chelsea","Forward",5.4,0,0,0.1,0,0,0,0,0,0,0,0,0,0,0,0,"0.00","0.00","0.00","0.00",NA,NA,NA,0
165,"Deivid Washington","de Souza Eugênio","Chelsea","Forward",5,0,0,0.1,0,0,0,0,0,0,0,0,0,0,0,0,"0.00","0.00","0.00","0.00",NA,NA,NA,0
166,"Kiernan","Dewsbury-Hall","Chelsea","Midfielder",5.7,3,0,0.1,0,0,44,0,1,0,0,0,0,0,0,0,"0.00","0.03","0.03","0.34",NA,NA,NA,0.3
167,"Axel","Disasi","Chelsea","Defender",4.4,7,0,0.4,0,0,94,1,0,0,0,0,0,0,0,1,"0.00","0.00","0.00","1.90",NA,NA,NA,2.3
168,"Enzo","Fernández","Chelsea","Midfielder",5,9,0,1.5,0,0,353,1,5,0,0,0,0,0,0,4,"0.22","0.33","0.55","3.87",1,5,4,1.7
169,"Conor","Gallagher","Chelsea","Midfielder",5.9,0,0,0.2,0,0,0,0,0,0,0,0,0,0,0,0,"0.00","0.00","0.00","0.00",NA,NA,NA,0
170,"Alfie","Gilchrist","Chelsea","Defender",4,0,0,0.1,0,0,0,0,0,0,0,0,0,0,0,0,"0.00","0.00","0.00","0.00",NA,NA,NA,0
171,"Malo","Gusto","Chelsea","Defender",4.9,3,0,1.5,0,0,253,0,5,0,0,0,1,0,0,3,"0.03","0.11","0.14","2.82",NA,NA,NA,0.7
172,"Reece","James","Chelsea","Defender",5,0,0,0.1,0,0,0,0,0,0,0,0,0,0,0,0,"0.00","0.00","0.00","0.00",4,2,NA,0
173,"Omari","Kellyman","Chelsea","Midfielder",4.5,0,0,0,0,0,0,0,0,0,0,0,0,0,0,0,"0.00","0.00","0.00","0.00",NA,NA,NA,0
174,"Roméo","Lavia","Chelsea","Midfielder",4.5,2,0,0.8,0,0,65,0,1,0,0,0,0,0,0,1,"0.00","0.18","0.18","0.66",NA,NA,NA,0
175,"Romelu","Lukaku Bolingoli","Chelsea","Forward",6.3,0,0,0.2,0,0,0,0,0,0,0,0,0,0,0,0,"0.00","0.00","0.00","0.00",NA,NA,NA,0
176,"Malang","Sarr","Chelsea","Defender",4.5,0,0,0,0,0,0,0,0,0,0,0,0,0,0,0,"0.00","0.00","0.00","0.00",NA,NA,NA,0
177,"Noni","Madueke","Chelsea","Midfielder",6.6,28,3,11.1,3,0,325,2,3,0,0,0,0,0,0,4,"1.40","0.16","1.56","4.57",NA,NA,3,2.7
178,"Marc","Guiu Paz","Chelsea","Forward",4.9,1,0,0.7,0,0,24,0,1,0,0,0,0,0,0,0,"0.00","0.00","0.00","0.11",NA,NA,NA,0
179,"Mykhailo","Mudryk","Chelsea","Midfielder",6.3,2,0,0.3,0,0,61,0,2,0,0,0,0,0,0,1,"0.00","0.16","0.16","2.06",NA,NA,NA,0.3
180,"Nicolas","Jackson","Chelsea","Forward",7.7,35,5,12.7,4,2,363,2,4,0,0,0,2,0,0,5,"3.05","0.14","3.19","5.02",NA,NA,NA,7.7
181,"Christopher","Nkunku","Chelsea","Midfielder",6.1,11,1,4.2,1,0,105,0,1,0,0,0,0,0,0,1,"1.04","0.14","1.18","1.47",NA,NA,2,3
182,"Cole","Palmer","Chelsea","Midfielder",10.6,36,4,39.4,2,4,415,2,5,0,0,0,2,0,0,5,"1.27","1.07","2.34","5.36",2,1,1,5.7
183,"Đorđe","Petrović","Chelsea","Goalkeeper",4.4,0,0,0.3,0,0,0,0,0,0,0,0,0,0,0,0,"0.00","0.00","0.00","0.00",NA,NA,NA,0
184,"Renato","Palma Veiga","Chelsea","Midfielder",4.5,4,0,0.3,0,0,107,1,1,0,0,0,1,0,0,1,"0.04","0.01","0.05","1.98",NA,NA,NA,0.7
185,"Robert","Sánchez","Chelsea","Goalkeeper",4.7,30,5,9.4,0,0,450,2,5,0,1,0,1,0,21,5,"0.00","0.00","0.00","5.76",NA,NA,NA,9
187,"Tosin","Adarabioyo","Chelsea","Defender",4.4,7,0,0.2,0,0,118,1,0,0,0,0,0,0,0,1,"0.00","0.00","0.00","1.07",NA,NA,NA,2.3
189,"Wesley","Fofana","Chelsea","Defender",4.5,10,2,0.7,0,0,416,1,5,0,0,0,3,0,0,5,"0.04","0.08","0.12","5.41",NA,NA,NA,2.7
386,"Jadon","Sancho","Chelsea","Midfielder",6.3,7,0,1.3,0,2,101,0,0,0,0,0,1,0,0,1,"0.00","0.35","0.35","0.98",NA,NA,NA,2.3
560,"Pedro","Lomba Neto","Chelsea","Midfielder",6.3,7,0,0.7,0,1,212,0,2,0,0,0,1,0,0,2,"0.04","0.28","0.32","2.05",3,NA,NA,0.7
575,"Caleb","Wiley","Chelsea","Defender",4,0,0,0,0,0,0,0,0,0,0,0,0,0,0,0,"0.00","0.00","0.00","0.00",NA,NA,NA,0
581,"Filip","Jørgensen","Chelsea","Goalkeeper",4.3,0,0,0.2,0,0,0,0,0,0,0,0,0,0,0,0,"0.00","0.00","0.00","0.00",NA,NA,NA,0
621,"João","Félix Sequeira","Chelsea","Midfielder",6.3,8,0,0.8,1,0,109,0,0,0,0,0,1,0,0,0,"0.42","0.09","0.51","0.93",NA,NA,NA,0.7
11,"Eddie","Nketiah","Crystal Palace","Forward",5.9,4,0,1.1,0,0,155,1,2,0,0,0,0,0,0,2,"0.49","0.24","0.73","2.86",NA,NA,NA,1.3
159,"Trevoh","Chalobah","Crystal Palace","Defender",4.4,0,0,0.1,0,0,0,0,0,0,0,0,0,0,0,0,"0.00","0.00","0.00","0.00",NA,NA,NA,0
190,"Naouirou","Ahamada","Crystal Palace","Midfielder",4.5,0,0,0.2,0,0,0,0,0,0,0,0,0,0,0,0,"0.00","0.00","0.00","0.00",NA,NA,NA,0
193,"Cheick","Doucouré","Crystal Palace","Midfielder",4.9,6,0,0.1,0,1,91,0,1,0,0,0,0,0,0,1,"0.04","0.01","0.05","1.31",NA,NA,NA,1.7
194,"Chris","Richards","Crystal Palace","Defender",4.5,9,0,0.2,0,0,343,1,5,0,0,0,1,0,0,4,"0.12","0.01","0.13","6.69",NA,NA,NA,2.7
195,"Chadi","Riad Dnanou","Crystal Palace","Defender",4.4,1,0,0.1,0,0,90,0,2,0,0,0,0,0,0,1,"0.00","0.02","0.02","1.39",NA,NA,NA,0
196,"Nathaniel","Clyne","Crystal Palace","Defender",4.4,3,0,0.1,0,0,153,0,3,0,0,0,0,0,0,2,"0.00","0.02","0.02","3.49",NA,NA,NA,1
197,"Malcolm","Ebiowei","Crystal Palace","Midfielder",4.5,0,0,0,0,0,0,0,0,0,0,0,0,0,0,0,"0.00","0.00","0.00","0.00",NA,NA,NA,0
199,"Eberechi","Eze","Crystal Palace","Midfielder",6.9,19,3,22.1,1,0,450,1,7,0,0,0,0,0,0,5,"2.01","0.75","2.76","8.18",1,1,2,5
200,"Marc","Guéhi","Crystal Palace","Defender",4.4,10,0,5.5,0,0,450,1,7,0,0,0,1,0,0,5,"0.00","0.10","0.10","8.18",NA,NA,NA,3
201,"Dean","Henderson","Crystal Palace","Goalkeeper",4.5,17,2,12.3,0,0,450,1,7,0,0,0,1,0,19,5,"0.00","0.00","0.00","8.18",NA,NA,NA,4.7
202,"Rob","Holding","Crystal Palace","Defender",4.4,0,0,0.1,0,0,0,0,0,0,0,0,0,0,0,0,"0.00","0.00","0.00","0.00",NA,NA,NA,0
203,"Will","Hughes","Crystal Palace","Midfielder",4.9,3,0,0,0,0,201,0,4,0,0,0,2,0,0,2,"0.03","0.08","0.11","3.85",5,NA,NA,0.3
205,"Daichi","Kamada","Crystal Palace","Midfielder",5.3,8,0,0.2,0,0,299,1,4,0,0,0,1,0,0,3,"0.21","0.15","0.36","4.89",NA,NA,NA,2
206,"Jefferson","Lerma Solís","Crystal Palace","Midfielder",4.9,4,0,0.1,0,0,123,1,1,0,0,0,1,0,0,1,"0.05","0.33","0.38","2.06",NA,NA,NA,0.3
207,"Jean-Philippe","Mateta","Crystal Palace","Forward",7.4,19,3,4.5,2,0,338,0,6,0,0,0,0,0,0,5,"1.68","0.25","1.93","6.41",NA,NA,1,5.3
208,"Matheus","França de Oliveira","Crystal Palace","Midfielder",4.4,0,0,0.8,0,0,0,0,0,0,0,0,0,0,0,0,"0.00","0.00","0.00","0.00",NA,NA,NA,0
209,"Remi","Matthews","Crystal Palace","Goalkeeper",4,0,0,0.8,0,0,0,0,0,0,0,0,0,0,0,0,"0.00","0.00","0.00","0.00",NA,NA,NA,0
210,"Tyrick","Mitchell","Crystal Palace","Defender",4.9,14,0,1.8,0,1,448,1,7,0,0,0,0,0,0,5,"0.24","0.85","1.09","8.18",NA,NA,NA,4
211,"Daniel","Muñoz","Crystal Palace","Defender",4.9,13,0,2.7,0,1,440,1,7,0,0,0,1,0,0,5,"0.15","0.33","0.48","8.17",NA,NA,NA,2.7
212,"David","Ozoh","Crystal Palace","Midfielder",4.5,0,0,0,0,0,0,0,0,0,0,0,0,0,0,0,"0.00","0.00","0.00","0.00",NA,NA,NA,0
213,"Jesurun","Rak-Sakyi","Crystal Palace","Midfielder",4.5,0,0,0.1,0,0,0,0,0,0,0,0,0,0,0,0,"0.00","0.00","0.00","0.00",NA,NA,NA,0
214,"Jeffrey","Schlupp","Crystal Palace","Midfielder",4.8,4,0,0.1,0,0,13,0,0,0,0,0,0,0,0,0,"0.00","0.05","0.05","0.55",NA,NA,NA,1
215,"Joel","Ward","Crystal Palace","Defender",4.4,0,0,0.1,0,0,0,0,0,0,0,0,0,0,0,0,"0.00","0.00","0.00","0.00",NA,NA,NA,0
216,"Adam","Wharton","Crystal Palace","Midfielder",4.9,9,0,0.4,0,0,388,0,6,0,0,0,0,0,0,5,"0.13","0.34","0.47","6.95",4,NA,NA,1.7
445,"Matt","Turner","Crystal Palace","Goalkeeper",4,0,0,15.1,0,0,0,0,0,0,0,0,0,0,0,0,"0.00","0.00","0.00","0.00",NA,NA,NA,0
585,"Ismaïla","Sarr","Crystal Palace","Midfielder",5.8,8,0,0.2,0,1,100,0,1,0,0,0,0,0,0,0,"0.49","0.74","1.23","1.06",NA,NA,NA,2
644,"Franco","Umeh-Chibueze","Crystal Palace","Midfielder",4.5,0,0,0,0,0,0,0,0,0,0,0,0,0,0,0,"0.00","0.00","0.00","0.00",NA,NA,NA,0
645,"Justin","Devenny","Crystal Palace","Midfielder",4.5,0,0,0,0,0,0,0,0,0,0,0,0,0,0,0,"0.00","0.00","0.00","0.00",NA,NA,NA,0
646,"Asher","Agbinone","Crystal Palace","Midfielder",4.5,0,0,0,0,0,0,0,0,0,0,0,0,0,0,0,"0.00","0.00","0.00","0.00",NA,NA,NA,0
647,"Kaden","Rodney","Crystal Palace","Midfielder",4.5,0,0,0,0,0,0,0,0,0,0,0,0,0,0,0,"0.00","0.00","0.00","0.00",NA,NA,NA,0
650,"Maxence","Lacroix","Crystal Palace","Defender",4.5,6,0,0.1,0,0,180,1,2,0,0,0,1,0,0,2,"0.02","0.04","0.06","2.93",NA,NA,NA,3
156,"Armando","Broja","Everton","Forward",5.4,0,0,0.1,0,0,0,0,0,0,0,0,0,0,0,0,"0.00","0.00","0.00","0.00",NA,NA,NA,0
217,"Abdoulaye","Doucouré","Everton","Midfielder",5.2,6,0,0.3,0,0,215,0,8,0,0,0,0,0,0,3,"0.23","0.03","0.26","4.99",NA,NA,NA,1
218,"Norberto Bercique","Gomes Betuncal","Everton","Forward",5,4,0,0.7,0,0,43,0,4,0,0,0,0,0,0,0,"0.00","0.00","0.00","1.85",NA,NA,NA,0.7
219,"Jarrad","Branthwaite","Everton","Defender",4.8,0,0,0.8,0,0,0,0,0,0,0,0,0,0,0,0,"0.00","0.00","0.00","0.00",NA,NA,NA,0
220,"Dominic","Calvert-Lewin","Everton","Forward",6,24,3,5,2,1,413,0,10,0,0,0,0,0,0,5,"1.38","0.42","1.80","7.32",NA,NA,1,6.7
221,"Séamus","Coleman","Everton","Defender",4.4,1,0,0,0,0,90,0,3,0,0,0,0,0,0,1,"0.62","0.01","0.63","2.22",NA,NA,NA,0.3
222,"Idrissa","Gueye","Everton","Midfielder",4.9,8,0,0.1,0,0,333,0,12,0,0,0,0,0,0,4,"0.20","0.08","0.28","7.48",NA,NA,NA,1.3
223,"James","Garner","Everton","Midfielder",5,3,0,0,0,0,154,0,4,0,0,0,1,0,0,1,"0.01","0.05","0.06","2.41",3,2,NA,1
224,"Jack","Harrison","Everton","Midfielder",5.3,8,0,0.1,0,0,322,0,10,0,0,0,0,0,0,4,"0.79","0.48","1.27","7.11",NA,NA,NA,1.7
225,"Mason","Holgate","Everton","Defender",4,1,0,0.3,0,0,5,0,1,0,0,0,0,0,0,0,"0.00","0.00","0.00","0.07",NA,NA,NA,0
226,"Tim","Iroegbunam","Everton","Midfielder",4.5,7,0,1.4,0,0,359,0,13,0,0,0,2,0,0,4,"0.21","0.08","0.29","7.97",NA,NA,NA,1
227,"João","Neves Virgínia","Everton","Goalkeeper",4,0,0,0.5,0,0,0,0,0,0,0,0,0,0,0,0,"0.00","0.00","0.00","0.00",NA,NA,NA,0
228,"Michael","Keane","Everton","Defender",4,9,0,6,1,0,450,0,14,0,0,0,2,0,0,5,"0.26","0.02","0.28","8.86",NA,NA,NA,2.7
229,"Neal","Maupay","Everton","Forward",4.9,0,0,0.5,0,0,0,0,0,0,0,0,0,0,0,0,"0.00","0.00","0.00","0.00",NA,NA,NA,0
230,"Dwight","McNeil","Everton","Midfielder",5.4,24,3,2.8,1,2,450,0,14,0,0,0,0,0,0,5,"0.24","2.76","2.99","8.86",1,NA,NA,6.7
231,"Vitalii","Mykolenko","Everton","Defender",4.3,3,0,4.1,0,0,295,0,10,0,0,0,0,0,0,4,"0.00","0.06","0.06","6.45",NA,NA,NA,0.7
232,"Iliman","Ndiaye","Everton","Forward",5.4,13,2,0.5,1,0,302,1,7,0,0,0,1,0,0,3,"0.51","0.13","0.64","4.14",NA,NA,NA,3.7
234,"Nathan","Patterson","Everton","Defender",4.4,0,0,0,0,0,0,0,0,0,0,0,0,0,0,0,"0.00","0.00","0.00","0.00",NA,NA,NA,0
235,"Jordan","Pickford","Everton","Goalkeeper",4.8,8,0,8.6,0,0,450,0,14,0,0,0,0,0,14,5,"0.00","0.04","0.04","8.86",NA,NA,NA,2
236,"James","Tarkowski","Everton","Defender",4.8,4,0,1.1,0,0,450,0,14,0,0,0,1,0,0,5,"0.37","0.23","0.60","8.86",NA,NA,NA,1.3
237,"Youssef","Ramalho Chermiti","Everton","Forward",4.9,0,0,0,0,0,0,0,0,0,0,0,0,0,0,0,"0.00","0.00","0.00","0.00",NA,NA,NA,0
238,"Ashley","Young","Everton","Defender",4.5,4,1,0.2,0,1,245,0,7,0,0,0,1,1,0,3,"0.00","0.34","0.34","4.01",NA,1,NA,2
577,"Jesper","Lindstrøm","Everton","Midfielder",5.3,5,0,0.1,0,0,102,1,2,0,0,0,0,0,0,1,"0.51","0.06","0.57","1.27",NA,NA,NA,1.3
582,"Jake","O'Brien","Everton","Defender",4.8,0,0,0.2,0,0,26,0,1,0,0,0,1,0,0,0,"0.00","0.00","0.00","0.72",NA,NA,NA,0
603,"Harrison","Armstrong","Everton","Midfielder",4.5,1,0,0.2,0,0,1,0,0,0,0,0,0,0,0,0,"0.00","0.00","0.00","0.00",NA,NA,NA,0
614,"Jenson","Metcalfe","Everton","Midfielder",4.5,0,0,0,0,0,0,0,0,0,0,0,0,0,0,0,"0.00","0.00","0.00","0.00",NA,NA,NA,0
624,"Asmir","Begovic","Everton","Goalkeeper",4,0,0,0.2,0,0,0,0,0,0,0,0,0,0,0,0,"0.00","0.00","0.00","0.00",NA,NA,NA,0
627,"Roman","Dixon","Everton","Defender",4,0,0,0.1,0,0,90,0,4,0,0,0,0,0,0,1,"0.00","0.00","0.00","2.43",NA,NA,NA,0
651,"Orel","Mangala","Everton","Midfielder",5,3,0,0,0,0,116,0,2,0,0,0,0,0,0,1,"0.09","0.06","0.15","1.38",NA,NA,NA,1.5
10,"Reiss","Nelson","Fulham","Midfielder",5,8,1,0.1,1,0,42,0,1,0,0,0,1,0,0,0,"0.39","0.06","0.45","0.65",NA,NA,NA,2.3
19,"Emile","Smith Rowe","Fulham","Midfielder",5.8,30,5,29.8,2,1,357,2,3,0,0,0,0,0,0,5,"1.33","0.72","2.05","3.86",NA,NA,NA,5.7
191,"Joachim","Andersen","Fulham","Defender",4.4,4,0,10.1,0,0,270,0,4,0,0,0,1,0,0,3,"0.11","0.04","0.15","3.89",NA,NA,NA,1.3
239,"Adama","Traoré","Fulham","Midfielder",5.1,23,3,3.9,1,2,398,1,4,0,0,0,2,0,0,5,"1.12","1.42","2.54","4.36",NA,NA,NA,5
240,"Andreas","Hoelgebaum Pereira","Fulham","Midfielder",5.3,9,0,2,0,0,412,1,4,0,0,0,2,0,0,5,"0.33","1.12","1.45","3.46",1,1,2,2
241,"Calvin","Bassey","Fulham","Defender",4.5,9,0,0.4,0,0,450,0,5,0,0,0,1,0,0,5,"0.18","0.03","0.21","5.79",NA,NA,NA,2
242,"Steven","Benda","Fulham","Goalkeeper",4,0,0,0.5,0,0,0,0,0,0,0,0,0,0,0,0,"0.00","0.00","0.00","0.00",NA,NA,NA,0
243,"Tom","Cairney","Fulham","Midfielder",4.9,2,0,0,0,0,67,0,2,0,0,0,2,0,0,0,"0.00","0.18","0.18","1.63",NA,NA,NA,0.7
244,"Timothy","Castagne","Fulham","Defender",4.3,0,0,1.2,0,0,0,0,0,0,0,0,0,0,0,0,"0.00","0.00","0.00","0.00",NA,NA,NA,0
245,"Issa","Diop","Fulham","Defender",4.5,7,0,0.3,0,0,276,0,3,0,0,0,0,0,0,3,"0.17","0.02","0.19","3.79",NA,NA,NA,1
246,"Luke","Harris","Fulham","Midfielder",4.5,0,0,0,0,0,0,0,0,0,0,0,0,0,0,0,"0.00","0.00","0.00","0.00",NA,NA,NA,0
247,"Alex","Iwobi","Fulham","Midfielder",5.5,22,3,1.2,1,1,421,1,4,0,0,0,0,0,0,5,"0.67","0.96","1.63","5.36",NA,NA,NA,4
248,"Bernd","Leno","Fulham","Goalkeeper",5,13,0,2.6,0,0,450,0,5,0,0,0,1,0,16,5,"0.00","0.00","0.00","5.79",NA,NA,NA,2.3
249,"Saša","Lukić","Fulham","Midfielder",5,7,0,0.1,0,0,376,1,3,0,0,0,3,0,0,5,"0.00","0.13","0.13","3.27",NA,NA,3,1
250,"Kevin","Mbabu","Fulham","Defender",4,0,0,0.3,0,0,0,0,0,0,0,0,0,0,0,0,"0.00","0.00","0.00","0.00",NA,NA,NA,0
251,"Rodrigo","Muniz Carvalho","Fulham","Forward",5.9,11,0,4.4,0,1,267,1,3,0,0,0,0,0,0,3,"1.19","0.03","1.22","3.02",NA,NA,NA,2.3
252,"Raúl","Jiménez","Fulham","Forward",5.4,18,3,2,2,0,178,1,2,0,0,0,0,0,0,2,"0.79","0.05","0.84","2.77",NA,NA,1,5.3
253,"Tim","Ream","Fulham","Defender",4.5,0,0,0,0,0,0,0,0,0,0,0,0,0,0,0,"0.00","0.00","0.00","0.00",NA,NA,NA,0
254,"Harrison","Reed","Fulham","Midfielder",4.9,4,0,0,0,0,35,0,1,0,0,0,1,0,0,0,"0.00","0.09","0.09","2.34",NA,NA,NA,0.7
255,"Antonee","Robinson","Fulham","Defender",4.7,17,2,16.5,0,2,450,0,5,0,0,0,1,0,0,5,"0.07","0.38","0.45","5.79",NA,NA,NA,2.7
256,"Jay","Stansfield","Fulham","Forward",5,1,0,0.1,0,0,1,0,0,0,0,0,0,0,0,0,"0.00","0.00","0.00","0.67",NA,NA,NA,0
257,"Kenny","Tete","Fulham","Defender",4.5,9,0,0.4,0,0,450,0,5,0,0,0,1,0,0,5,"0.70","0.07","0.77","5.79",NA,NA,NA,1.7
258,"Carlos Vinícius","Alves Morais","Fulham","Forward",5,0,0,0.4,0,0,0,0,0,0,0,0,0,0,0,0,"0.00","0.00","0.00","0.00",NA,NA,NA,0
259,"Harry","Wilson","Fulham","Midfielder",5.3,2,0,0.1,0,0,36,0,1,0,0,0,1,0,0,0,"0.00","0.02","0.02","1.23",3,3,NA,0.3
579,"Ryan","Sessegnon","Fulham","Defender",4.4,0,0,0.1,0,0,0,0,0,0,0,0,0,0,0,0,"0.00","0.00","0.00","0.00",NA,NA,NA,0
586,"Jorge","Cuenca Barreno","Fulham","Defender",4.4,0,0,0.1,0,0,0,0,0,0,0,0,0,0,0,0,"0.00","0.00","0.00","0.00",NA,NA,NA,0
604,"Josh","King","Fulham","Midfielder",4.5,0,0,0.1,0,0,0,0,0,0,0,0,0,0,0,0,"0.00","0.00","0.00","0.00",NA,NA,NA,0
605,"Martial","Godo","Fulham","Midfielder",4.5,0,0,0,0,0,0,0,0,0,0,0,0,0,0,0,"0.00","0.00","0.00","0.00",NA,NA,NA,0
622,"Sander","Berge","Fulham","Midfielder",5,3,0,0,0,0,87,0,2,0,0,0,0,0,0,0,"0.00","0.02","0.02","1.85",NA,NA,NA,1
260,"Ali","Al-Hamadi","Ipswich","Forward",4.9,1,0,0.4,0,0,32,0,1,0,0,0,2,0,0,0,"0.00","0.02","0.02","0.66",NA,NA,2,0
261,"Elkan","Baggott","Ipswich","Defender",4,0,0,0,0,0,0,0,0,0,0,0,0,0,0,0,"0.00","0.00","0.00","0.00",NA,NA,NA,0
262,"Nathan","Broadhead","Ipswich","Midfielder",4.9,0,0,0,0,0,0,0,0,0,0,0,0,0,0,0,"0.00","0.00","0.00","0.00",NA,1,3,0
263,"Cameron","Burgess","Ipswich","Defender",4,0,0,0.3,0,0,0,0,0,0,0,0,0,0,0,0,"0.00","0.00","0.00","0.00",NA,NA,NA,0
264,"Wes","Burns","Ipswich","Midfielder",4.9,3,0,0,0,0,187,0,1,0,0,0,1,0,0,3,"0.00","0.39","0.39","3.81",NA,NA,NA,1
265,"Conor","Chaplin","Ipswich","Midfielder",5.3,6,0,0.1,0,0,89,0,1,0,0,0,0,0,0,1,"0.00","0.02","0.02","2.07",NA,2,NA,1
266,"Harry","Clarke","Ipswich","Defender",4,0,0,0,0,0,0,0,0,0,0,0,0,0,0,0,"0.00","0.00","0.00","0.00",NA,NA,NA,0
267,"Leif","Davis","Ipswich","Defender",4.5,16,2,2,0,1,450,1,8,0,0,0,0,0,0,5,"0.26","0.54","0.80","11.09",1,4,NA,5
268,"Liam","Delap","Ipswich","Forward",5.5,13,1,1.2,1,0,365,0,7,0,0,0,1,0,0,5,"0.47","0.04","0.51","9.62",NA,NA,NA,3
269,"George","Edmundson","Ipswich","Defender",4,1,0,0.1,0,0,1,0,0,0,0,0,0,0,0,0,"0.00","0.00","0.00","0.00",NA,NA,NA,0
270,"Jacob","Greaves","Ipswich","Defender",4,11,0,4.2,0,0,450,1,8,0,0,0,0,0,0,5,"0.15","0.01","0.16","11.09",NA,NA,NA,3.3
271,"Marcus","Myers-Harness","Ipswich","Midfielder",4.9,2,0,0,0,0,43,0,2,0,0,0,0,0,0,0,"0.00","0.05","0.05","1.36",NA,NA,NA,0
272,"George","Hirst","Ipswich","Forward",5.4,2,0,0,0,0,48,0,0,0,0,0,0,0,0,0,"0.50","0.01","0.51","0.81",NA,NA,1,0.7
273,"Cameron","Humphreys","Ipswich","Midfielder",4.5,0,0,0,0,0,0,0,0,0,0,0,0,0,0,0,"0.00","0.00","0.00","0.00",NA,NA,NA,0
274,"Omari","Giraud-Hutchinson","Ipswich","Midfielder",5.4,8,0,0.4,0,0,442,1,8,0,0,0,3,0,0,5,"0.39","0.25","0.64","10.84",NA,3,NA,1.7
275,"Ben","Johnson","Ipswich","Defender",4,4,0,3.4,0,1,131,0,6,0,0,0,0,0,0,1,"0.00","0.20","0.20","5.64",NA,NA,NA,0.3
276,"Freddie","Ladapo","Ipswich","Forward",4.5,0,0,1.2,0,0,0,0,0,0,0,0,0,0,0,0,"0.00","0.00","0.00","0.00",NA,NA,NA,0
277,"Massimo","Luongo","Ipswich","Midfielder",4.5,5,0,0.6,0,0,141,0,4,0,0,0,0,0,0,2,"0.00","0.00","0.00","4.90",NA,NA,NA,0.3
278,"Sam","Morsy","Ipswich","Midfielder",4.9,15,2,0.2,1,0,443,1,8,0,0,0,3,0,0,5,"0.11","0.46","0.57","10.84",2,NA,NA,4
279,"Corrie","Ndaba","Ipswich","Defender",4,0,0,0,0,0,0,0,0,0,0,0,0,0,0,0,"0.00","0.00","0.00","0.00",NA,NA,NA,0
280,"Cieran","Slicker","Ipswich","Goalkeeper",4,0,0,0.8,0,0,0,0,0,0,0,0,0,0,0,0,"0.00","0.00","0.00","0.00",NA,NA,NA,0
281,"Jack","Taylor","Ipswich","Midfielder",4.9,2,0,0,0,0,72,0,2,0,0,0,1,0,0,0,"0.02","0.01","0.03","1.75",NA,NA,NA,0
282,"Axel","Tuanzebe","Ipswich","Defender",4,11,0,3,0,0,422,1,8,0,0,0,0,0,0,5,"0.07","0.04","0.11","10.40",NA,NA,NA,3.3
283,"Christian","Walton","Ipswich","Goalkeeper",4.5,2,0,0.2,0,0,90,0,2,0,0,0,0,0,3,1,"0.00","0.00","0.00","2.65",NA,NA,NA,0
284,"Luke","Woolfenden","Ipswich","Defender",4,2,0,1.8,0,0,270,0,7,0,0,0,1,0,0,3,"0.03","0.00","0.03","6.94",NA,NA,NA,0.7
359,"Kalvin","Phillips","Ipswich","Midfielder",5,4,0,0.1,0,0,159,1,1,0,0,0,1,0,0,2,"0.00","0.04","0.04","2.53",NA,NA,NA,1.3
568,"Arijanet","Muric","Ipswich","Goalkeeper",4.4,16,3,0.8,0,0,360,1,6,0,0,0,0,0,12,4,"0.00","0.00","0.00","8.44",NA,NA,NA,5.3
583,"Conor","Townsend","Ipswich","Defender",4,0,0,0.4,0,0,0,0,0,0,0,0,0,0,0,0,"0.00","0.00","0.00","0.00",NA,NA,NA,0
611,"Sam","Szmodics","Ipswich","Midfielder",6,12,0,0.4,1,0,285,0,5,0,0,0,1,0,0,4,"0.99","0.03","1.02","8.01",NA,NA,NA,1.7
619,"Jens","Cajuste","Ipswich","Midfielder",4.5,3,0,0.1,0,0,80,0,1,0,0,0,0,0,0,1,"0.02","0.02","0.04","2.18",NA,NA,NA,1
630,"Dara","O'Shea","Ipswich","Defender",4,8,1,0.6,0,0,180,1,1,0,0,0,1,0,0,2,"0.12","0.01","0.13","4.15",NA,NA,NA,2.7
631,"Jack","Clarke","Ipswich","Midfielder",5.5,3,0,0,0,0,69,0,0,0,0,0,0,0,0,0,"0.11","0.21","0.32","0.87",NA,NA,NA,1
632,"Chiedozie","Ogbene","Ipswich","Midfielder",5,3,0,0,0,0,118,0,1,0,0,0,0,0,0,1,"0.00","0.02","0.02","1.39",NA,NA,NA,1
117,"Facundo","Buonanotte","Leicester","Midfielder",5,13,0,0.3,1,1,204,0,3,0,0,0,1,0,0,2,"0.21","0.39","0.60","3.03",3,NA,NA,2
192,"Jordan","Ayew","Leicester","Midfielder",5.3,6,0,0.2,0,0,285,0,6,0,0,0,2,0,0,3,"0.78","0.11","0.89","5.29",NA,2,NA,1.7
198,"Odsonne","Edouard","Leicester","Forward",5.4,4,0,0.4,0,0,122,0,2,0,0,0,0,0,0,1,"0.39","0.07","0.46","2.20",NA,NA,NA,0.3
285,"Boubakary","Soumaré","Leicester","Midfielder",4.5,1,0,0.2,0,0,11,0,0,0,0,0,0,0,0,0,"0.00","0.00","0.00","0.25",NA,NA,NA,0
286,"Tom","Cannon","Leicester","Forward",4.5,0,0,0.8,0,0,0,0,0,0,0,0,0,0,0,0,"0.00","0.00","0.00","0.00",NA,NA,NA,0
287,"Hamza","Choudhury","Leicester","Midfielder",4.4,1,0,0.4,0,0,14,0,1,0,0,0,0,0,0,0,"0.00","0.00","0.00","1.03",NA,NA,NA,0.3
288,"Conor","Coady","Leicester","Defender",4,0,0,0.3,0,0,7,0,1,0,0,0,1,0,0,0,"0.00","0.00","0.00","0.99",NA,NA,NA,0
289,"Patson","Daka","Leicester","Forward",4.9,0,0,0.1,0,0,0,0,0,0,0,0,0,0,0,0,"0.00","0.00","0.00","0.00",NA,NA,2,0
290,"Bobby","De Cordova-Reid","Leicester","Midfielder",5.3,5,0,0.1,0,0,148,0,2,0,0,0,0,0,0,2,"0.08","0.04","0.12","2.61",NA,NA,NA,0.3
291,"Wout","Faes","Leicester","Defender",4.1,12,0,13.3,1,0,450,0,8,0,0,0,1,0,0,5,"0.39","0.07","0.46","8.21",NA,NA,NA,1.3
292,"Michael","Golding","Leicester","Midfielder",4.5,0,0,0,0,0,0,0,0,0,0,0,0,0,0,0,"0.00","0.00","0.00","0.00",NA,NA,NA,0
293,"Mads","Hermansen","Leicester","Goalkeeper",4.5,11,0,0.5,0,0,450,0,8,0,0,0,0,0,18,5,"0.00","0.00","0.00","8.21",NA,NA,NA,2
294,"Daniel","Iversen","Leicester","Goalkeeper",4,0,0,0.7,0,0,0,0,0,0,0,0,0,0,0,0,"0.00","0.00","0.00","0.00",NA,NA,NA,0
295,"James","Justin","Leicester","Defender",4.5,7,0,0.3,0,0,450,0,8,0,0,0,0,0,0,5,"0.19","0.04","0.23","8.21",NA,NA,NA,1.3
296,"Victor","Kristiansen","Leicester","Defender",4.5,6,0,0.1,0,0,444,0,8,0,0,0,1,0,0,5,"0.00","0.32","0.32","8.21",NA,NA,NA,1.3
297,"Wanya","Marçal-Madivádua","Leicester","Midfielder",4.5,0,0,0,0,0,0,0,0,0,0,0,0,0,0,0,"0.00","0.00","0.00","0.00",NA,NA,NA,0
298,"Stephy","Mavididi","Leicester","Midfielder",5.3,20,3,0.5,2,0,213,0,2,0,0,0,0,0,0,2,"0.70","0.91","1.61","2.77",1,1,3,6
299,"Kasey","McAteer","Leicester","Midfielder",4.9,3,0,0,0,0,10,0,0,0,0,0,0,0,0,0,"0.02","0.00","0.02","0.20",NA,NA,NA,0.3
300,"Wilfred","Ndidi","Leicester","Midfielder",5,19,1,0.6,0,3,433,0,7,0,0,0,1,0,0,5,"0.24","0.86","1.10","7.17",NA,NA,NA,5
301,"Caleb","Okoli","Leicester","Defender",4,3,0,0.3,0,0,270,0,5,0,0,0,1,0,0,3,"0.14","0.01","0.15","5.19",NA,NA,NA,1
302,"Ricardo","Barbosa Pereira","Leicester","Defender",4.3,0,0,0.1,0,0,0,0,0,0,0,0,0,0,0,0,"0.00","0.00","0.00","0.00",NA,NA,NA,0
303,"Harry","Souttar","Leicester","Defender",4,0,0,0,0,0,0,0,0,0,0,0,0,0,0,0,"0.00","0.00","0.00","0.00",NA,NA,NA,0
304,"Jakub","Stolarczyk","Leicester","Goalkeeper",4,0,0,0,0,0,0,0,0,0,0,0,0,0,0,0,"0.00","0.00","0.00","0.00",NA,NA,NA,0
305,"Luke","Thomas","Leicester","Defender",4,0,0,0.5,0,0,0,0,0,0,0,0,0,0,0,0,"0.00","0.00","0.00","0.00",NA,NA,NA,0
306,"Jamie","Vardy","Leicester","Forward",5.7,21,4,11,2,0,410,0,8,0,0,0,1,0,0,5,"1.44","0.08","1.52","7.84",NA,NA,1,3.7
307,"Jannik","Vestergaard","Leicester","Defender",4,2,0,2.7,0,0,180,0,3,0,0,0,1,0,0,2,"0.01","0.00","0.01","3.01",NA,NA,NA,0
308,"Danny","Ward","Leicester","Goalkeeper",4,0,0,2.4,0,0,0,0,0,0,0,0,0,0,0,0,"0.00","0.00","0.00","0.00",NA,NA,NA,0
309,"Harry","Winks","Leicester","Midfielder",4.5,9,0,14.5,0,0,450,0,8,0,0,0,1,0,0,5,"0.02","0.43","0.45","8.21",2,NA,NA,1.7
501,"Oliver","Skipp","Leicester","Midfielder",4.9,4,0,0,0,0,176,0,4,0,0,0,1,0,0,2,"0.05","0.20","0.25","4.05",NA,NA,NA,1
570,"Abdul","Fatawu","Leicester","Midfielder",5.5,14,3,0.5,0,1,266,0,6,0,0,0,0,0,0,3,"0.12","0.61","0.73","5.72",NA,NA,NA,1.3
606,"Will","Alves","Leicester","Midfielder",4.5,0,0,0.1,0,0,0,0,0,0,0,0,0,0,0,0,"0.00","0.00","0.00","0.00",NA,NA,NA,0
616,"Ben","Nelson","Leicester","Defender",4,0,0,0,0,0,0,0,0,0,0,0,0,0,0,0,"0.00","0.00","0.00","0.00",NA,NA,NA,0
635,"Bilal","El Khannouss","Leicester","Midfielder",5,2,0,0,0,0,77,0,1,0,0,0,0,0,0,1,"0.03","0.04","0.07","0.97",NA,NA,NA,0.7
310,"Alisson","Ramses Becker","Liverpool","Goalkeeper",5.5,23,2,10.1,0,0,360,3,1,0,0,0,0,0,9,4,"0.00","0.00","0.00","2.61",NA,NA,NA,3.3
311,"Trent","Alexander-Arnold","Liverpool","Defender",7.1,32,4,32.5,0,1,402,4,1,0,0,0,1,0,0,5,"0.18","2.00","2.18","3.12",1,1,NA,6
312,"Stefan","Bajčetić Maquieira","Liverpool","Midfielder",4.5,0,0,0.1,0,0,0,0,0,0,0,0,0,0,0,0,"0.00","0.00","0.00","0.00",NA,NA,NA,0
313,"Conor","Bradley","Liverpool","Defender",4.8,4,0,0.4,0,0,75,0,1,0,0,0,0,0,0,0,"0.24","0.15","0.39","0.87",NA,NA,NA,0.7
315,"Bobby","Clark","Liverpool","Midfielder",4.5,0,0,0,0,0,0,0,0,0,0,0,0,0,0,0,"0.00","0.00","0.00","0.00",NA,NA,NA,0
316,"Darwin","Núñez Ribeiro","Liverpool","Forward",7.2,9,0,2.4,1,0,133,1,1,0,0,0,0,0,0,1,"0.46","0.01","0.47","1.37",NA,NA,3,2.7
317,"Diogo","Teixeira da Silva","Liverpool","Midfielder",7.5,18,0,11.1,1,1,283,3,0,0,0,0,0,0,0,4,"1.91","0.11","2.02","1.74",NA,NA,NA,1.3
318,"Ben","Doak","Liverpool","Midfielder",4.5,0,0,0,0,0,0,0,0,0,0,0,0,0,0,0,"0.00","0.00","0.00","0.00",NA,NA,NA,0
319,"Harvey","Elliott","Liverpool","Midfielder",5.2,1,0,0.3,0,0,7,0,0,0,0,0,0,0,0,0,"0.00","0.02","0.02","0.00",6,NA,NA,0
320,"Endo","Wataru","Liverpool","Midfielder",4.8,1,0,0.2,0,0,1,0,0,0,0,0,0,0,0,0,"0.00","0.00","0.00","0.00",NA,NA,NA,0
321,"Cody","Gakpo","Liverpool","Forward",7.2,4,0,1.8,0,0,100,0,1,0,0,0,1,0,0,0,"0.44","0.10","0.54","1.76",NA,NA,NA,1
322,"Joe","Gomez","Liverpool","Defender",4.8,0,0,0.4,0,0,0,0,0,0,0,0,0,0,0,0,"0.00","0.00","0.00","0.00",NA,NA,NA,0
323,"Ryan","Gravenberch","Liverpool","Midfielder",5,12,0,0.7,0,0,450,4,1,0,0,0,2,0,0,5,"0.06","0.65","0.71","3.69",NA,NA,NA,2.3
324,"Curtis","Jones","Liverpool","Midfielder",5.3,2,0,0.1,0,0,44,0,0,0,0,0,0,0,0,0,"0.14","0.02","0.16","0.75",NA,NA,NA,0.7
325,"Caoimhin","Kelleher","Liverpool","Goalkeeper",4.4,9,1,0.6,0,0,90,1,0,0,0,0,0,0,7,1,"0.00","0.00","0.00","1.08",NA,NA,NA,3
326,"Ibrahima","Konaté","Liverpool","Defender",5.1,24,1,7.6,0,1,389,3,1,0,0,0,1,0,0,4,"0.23","0.07","0.30","3.20",NA,NA,NA,5.3
327,"Luis","Díaz","Liverpool","Midfielder",8,51,8,32.5,5,1,357,5,0,0,0,0,0,0,0,5,"2.63","0.68","3.31","1.98",NA,NA,NA,11.3
328,"Mohamed","Salah","Liverpool","Midfielder",12.8,49,8,44.7,3,4,442,4,1,0,0,0,0,0,0,5,"2.44","1.33","3.77","3.69",NA,4,2,8.3
329,"Alexis","Mac Allister","Liverpool","Midfielder",6.3,13,0,1.9,0,0,419,4,0,0,0,0,0,0,0,5,"0.19","1.04","1.23","3.39",5,NA,NA,2.3
330,"James","McConnell","Liverpool","Midfielder",4.5,0,0,0,0,0,0,0,0,0,0,0,0,0,0,0,"0.00","0.00","0.00","0.00",NA,NA,NA,0
331,"Tyler","Morton","Liverpool","Midfielder",4.5,0,0,0.1,0,0,0,0,0,0,0,0,0,0,0,0,"0.00","0.00","0.00","0.00",NA,NA,NA,0
332,"Nathaniel","Phillips","Liverpool","Defender",4,0,0,0.1,0,0,0,0,0,0,0,0,0,0,0,0,"0.00","0.00","0.00","0.00",NA,NA,NA,0
333,"Jarell","Quansah","Liverpool","Defender",4.1,1,0,1.5,0,0,45,0,0,0,0,0,0,0,0,1,"0.00","0.00","0.00","0.31",NA,NA,NA,0
334,"Rhys","Williams","Liverpool","Defender",4,0,0,0.1,0,0,0,0,0,0,0,0,0,0,0,0,"0.00","0.00","0.00","0.00",NA,NA,NA,0
335,"Andrew","Robertson","Liverpool","Defender",6,25,0,7.5,0,0,414,4,1,0,0,0,1,0,0,5,"0.38","0.50","0.88","3.44",2,NA,NA,4.3
336,"Dominik","Szoboszlai","Liverpool","Midfielder",6.5,19,1,2.4,0,2,420,4,1,0,0,0,2,0,0,5,"0.44","0.90","1.34","3.15",4,2,NA,3.3
337,"Konstantinos","Tsimikas","Liverpool","Defender",4.7,3,0,0.2,0,0,33,0,0,0,0,0,0,0,0,0,"0.00","0.01","0.01","0.26",3,NA,NA,0.7
339,"Virgil","van Dijk","Liverpool","Defender",6,26,1,15,0,0,450,4,1,0,0,0,1,0,0,5,"0.16","0.07","0.23","3.69",NA,3,NA,4.3
636,"Federico","Chiesa","Liverpool","Midfielder",7,1,0,0.3,0,0,18,0,0,0,0,0,0,0,0,0,"0.16","0.08","0.24","0.55",NA,NA,NA,0.3
660,"Vítezslav","Jaros","Liverpool","Goalkeeper",4,0,0,0,0,0,0,0,0,0,0,0,0,0,0,0,"0.00","0.00","0.00","0.00",NA,NA,NA,0
340,"Manuel","Akanji","Man City","Defender",5.5,12,0,5.2,0,0,450,1,5,0,0,0,1,0,0,5,"0.03","0.59","0.62","3.64",NA,NA,NA,1.3
341,"Nathan","Aké","Man City","Defender",5.3,1,0,1.1,0,0,2,0,0,0,0,0,0,0,0,0,"0.00","0.00","0.00","0.09",NA,NA,NA,0.3
342,"Bernardo","Veiga de Carvalho e Silva","Man City","Midfielder",6.5,17,2,5.4,0,2,366,1,4,0,0,0,1,0,0,4,"0.59","1.02","1.61","2.72",4,NA,NA,3
343,"Oscar","Bobb","Man City","Midfielder",4.8,0,0,0.1,0,0,0,0,0,0,0,0,0,0,0,0,"0.00","0.00","0.00","0.00",NA,NA,NA,0
344,"Scott","Carson","Man City","Goalkeeper",4,0,0,0.2,0,0,0,0,0,0,0,0,0,0,0,0,"0.00","0.00","0.00","0.00",NA,NA,NA,0
345,"Kevin","De Bruyne","Man City","Midfielder",9.5,18,2,7.3,1,1,356,1,3,0,0,0,1,0,0,4,"1.21","2.17","3.38","2.90",1,1,4,1
346,"Jérémy","Doku","Man City","Midfielder",6.4,9,0,2.6,0,0,296,1,4,0,0,0,0,0,0,4,"0.23","0.82","1.05","2.19",NA,NA,NA,1.3
347,"Ederson","Santana de Moraes","Man City","Goalkeeper",5.5,19,2,8.1,0,1,450,1,5,0,0,0,1,0,11,5,"0.00","0.01","0.01","3.64",NA,NA,NA,3
348,"Phil","Foden","Man City","Midfielder",9.3,2,0,5.3,0,0,65,0,0,0,0,0,0,0,0,0,"0.07","0.25","0.32","0.78",3,NA,NA,0.3
349,"Jack","Grealish","Man City","Midfielder",6.4,5,0,0.2,0,0,185,0,2,0,0,0,1,0,0,2,"0.48","0.49","0.97","1.49",NA,NA,NA,1.7
350,"Joško","Gvardiol","Man City","Defender",5.9,13,1,22.3,0,0,402,1,4,0,0,0,0,0,0,4,"0.21","0.74","0.95","2.63",NA,NA,NA,1.3
351,"Erling","Haaland","Man City","Forward",15.3,63,14,72.1,10,0,449,1,5,0,0,0,1,0,0,5,"5.69","0.18","5.87","3.64",NA,3,1,13
352,"Julián","Álvarez","Man City","Forward",7,0,0,0.1,0,0,0,0,0,0,0,0,0,0,0,0,"0.00","0.00","0.00","0.00",NA,NA,NA,0
353,"João","Cavaco Cancelo","Man City","Defender",5.3,0,0,0.3,0,0,0,0,0,0,0,0,0,0,0,0,"0.00","0.00","0.00","0.00",NA,NA,NA,0
354,"Mateo","Kovačić","Man City","Midfielder",5.5,20,4,1.5,1,1,343,1,5,0,0,0,1,0,0,4,"0.33","0.52","0.85","3.60",NA,NA,NA,2.7
355,"Rico","Lewis","Man City","Defender",4.7,15,1,10.7,0,1,315,1,3,0,0,0,0,0,0,4,"0.62","0.18","0.80","2.95",NA,NA,NA,2.3
356,"Matheus Luiz","Nunes","Man City","Midfielder",4.9,6,0,0.1,0,1,20,0,0,0,0,0,0,0,0,0,"0.00","0.17","0.17","0.22",NA,NA,NA,1.7
357,"James","McAtee","Man City","Midfielder",4.8,1,0,0,0,0,1,0,0,0,0,0,0,0,0,0,"0.00","0.02","0.02","0.00",NA,NA,NA,0
358,"Stefan","Ortega Moreno","Man City","Goalkeeper",5.3,0,0,0.6,0,0,0,0,0,0,0,0,0,0,0,0,"0.00","0.00","0.00","0.00",NA,NA,NA,0
360,"Rodrigo 'Rodri'","Hernandez","Man City","Midfielder",6.4,2,0,1.5,0,0,65,0,0,0,0,0,0,0,0,1,"0.00","0.09","0.09","0.04",NA,NA,NA,0.7
361,"Rúben","Gato Alves Dias","Man City","Defender",5.5,8,0,4.1,0,0,366,1,4,1,0,0,2,0,0,4,"0.49","0.41","0.90","2.72",NA,NA,NA,0.3
362,"John","Stones","Man City","Defender",5.4,9,0,1.7,1,0,135,0,1,0,0,0,1,0,0,1,"0.34","0.05","0.39","0.98",NA,NA,NA,2.7
363,"Kyle","Walker","Man City","Defender",5.3,4,0,5.1,0,0,169,0,3,0,0,0,0,0,0,2,"0.12","0.82","0.94","1.65",NA,NA,NA,1.3
571,"Sávio 'Savinho'","Moreira de Oliveira","Man City","Midfielder",6.5,18,3,1.7,0,3,282,0,4,0,0,0,1,0,0,4,"0.78","0.77","1.55","2.15",2,NA,NA,2.7
607,"Nico","O'Reilly","Man City","Midfielder",5,0,0,0,0,0,0,0,0,0,0,0,0,0,0,0,"0.00","0.00","0.00","0.00",NA,NA,NA,0
625,"Ilkay","Gündogan","Man City","Midfielder",6.5,6,0,0.4,0,0,221,0,3,0,0,0,0,0,0,2,"0.27","0.51","0.78","2.05",NA,NA,NA,1.7
626,"Issa","Kaboré","Man City","Defender",4.5,0,0,0,0,0,0,0,0,0,0,0,0,0,0,0,"0.00","0.00","0.00","0.00",NA,NA,NA,0
364,"Amad","Diallo","Man Utd","Midfielder",5,19,0,4.9,1,1,335,3,1,0,0,0,1,0,0,4,"0.43","0.84","1.27","4.12",2,NA,NA,3.3
365,"Antony Matheus","dos Santos","Man Utd","Midfielder",5.8,1,0,0.2,0,0,1,0,1,0,0,0,0,0,0,0,"0.00","0.05","0.05","0.60",NA,NA,NA,0
366,"Bruno","Borges Fernandes","Man Utd","Midfielder",8.3,15,0,10,0,1,438,3,4,0,0,0,1,0,0,5,"1.86","1.32","3.18","5.80",1,1,1,3.3
367,"Altay","Bayindir","Man Utd","Goalkeeper",4.4,0,0,0.1,0,0,0,0,0,0,0,0,0,0,0,0,"0.00","0.00","0.00","0.00",NA,NA,NA,0
368,"Carlos Henrique","Casimiro","Man Utd","Midfielder",4.9,7,0,0.5,0,0,228,1,4,0,0,0,0,0,0,3,"0.26","0.57","0.83","3.23",NA,NA,NA,0.7
369,"Diogo","Dalot Teixeira","Man Utd","Defender",5,29,6,9.5,0,1,450,3,5,0,0,0,0,0,0,5,"0.02","0.80","0.82","6.39",NA,NA,NA,7
370,"Christian","Eriksen","Man Utd","Midfielder",5.4,6,0,0.2,0,0,151,2,0,0,0,0,1,0,0,2,"0.00","0.71","0.71","2.41",3,4,NA,2
371,"Jonny","Evans","Man Utd","Defender",4.4,2,0,0.1,0,0,22,0,0,0,0,0,0,0,0,0,"0.00","0.00","0.00","0.06",NA,NA,NA,0.3
372,"Alejandro","Garnacho","Man Utd","Midfielder",6.4,15,0,10.3,1,1,229,1,4,0,0,0,1,0,0,2,"2.17","0.30","2.47","3.30",NA,NA,NA,3.3
373,"Hannibal","Mejbri","Man Utd","Midfielder",4.5,0,0,0.1,0,0,0,0,0,0,0,0,0,0,0,0,"0.00","0.00","0.00","0.00",NA,NA,NA,0
374,"Tom","Heaton","Man Utd","Goalkeeper",4,0,0,0.2,0,0,0,0,0,0,0,0,0,0,0,0,"0.00","0.00","0.00","0.00",NA,NA,NA,0
375,"Rasmus","Højlund","Man Utd","Forward",6.9,1,0,0.4,0,0,14,0,0,0,0,0,0,0,0,0,"0.00","0.01","0.01","0.14",NA,NA,NA,0.3
376,"Victor","Lindelöf","Man Utd","Defender",4.3,0,0,0.1,0,0,0,0,0,0,0,0,0,0,0,0,"0.00","0.00","0.00","0.00",NA,NA,NA,0
377,"Harry","Maguire","Man Utd","Defender",4.9,8,0,0.6,0,0,195,1,1,0,0,0,2,0,0,2,"0.04","0.02","0.06","2.30",NA,NA,NA,0.3
378,"Kobbie","Mainoo","Man Utd","Midfielder",5.3,10,0,4,0,0,443,3,5,0,0,0,3,0,0,5,"0.12","0.33","0.45","6.33",NA,NA,NA,2
379,"Tyrell","Malacia","Man Utd","Defender",4.4,0,0,0,0,0,0,0,0,0,0,0,0,0,0,0,"0.00","0.00","0.00","0.00",NA,NA,NA,0
380,"Lisandro","Martínez","Man Utd","Defender",4.5,19,1,5.1,0,0,436,3,5,0,0,0,2,0,0,5,"0.55","0.23","0.78","6.39",NA,NA,NA,3.7
381,"Scott","McTominay","Man Utd","Midfielder",4.9,2,0,0.2,0,0,17,0,1,0,0,0,0,0,0,0,"0.07","0.00","0.07","0.66",NA,NA,NA,0
382,"Mason","Mount","Man Utd","Midfielder",6.3,3,0,0.1,0,0,105,1,1,0,0,0,1,0,0,2,"0.39","0.03","0.42","1.02",NA,NA,NA,0
383,"André","Onana","Man Utd","Goalkeeper",5,30,3,5.8,0,0,450,3,5,0,1,0,0,0,11,5,"0.00","0.00","0.00","6.39",NA,NA,NA,7.7
384,"Facundo","Pellistri Rebollo","Man Utd","Midfielder",5,0,0,0,0,0,0,0,0,0,0,0,0,0,0,0,"0.00","0.00","0.00","0.00",NA,NA,NA,0
385,"Marcus","Rashford","Man Utd","Midfielder",6.9,16,0,3.6,1,0,345,2,4,0,0,0,0,0,0,4,"0.40","0.77","1.17","5.46",NA,2,3,3.7
387,"Luke","Shaw","Man Utd","Defender",4.9,0,0,0.2,0,0,0,0,0,0,0,0,0,0,0,0,"0.00","0.00","0.00","0.00",4,NA,NA,0
389,"Joshua","Zirkzee","Man Utd","Forward",6.9,14,3,3.2,1,0,309,2,4,0,0,0,1,0,0,3,"2.19","0.30","2.49","4.10",NA,NA,NA,1.7
572,"Leny","Yoro","Man Utd","Defender",4.4,0,0,0.1,0,0,0,0,0,0,0,0,0,0,0,0,"0.00","0.00","0.00","0.00",NA,NA,NA,0
593,"Matthijs","de Ligt","Man Utd","Defender",5,23,3,4.8,1,0,264,2,4,0,0,0,1,0,0,3,"0.95","0.00","0.95","4.09",NA,NA,NA,7
594,"Noussair","Mazraoui","Man Utd","Defender",4.6,25,2,16.2,0,1,423,3,5,0,0,0,0,0,0,5,"0.20","0.46","0.66","6.33",NA,NA,NA,4.3
613,"Toby","Collyer","Man Utd","Midfielder",4.5,1,0,0.1,0,0,45,0,1,0,0,0,0,0,0,0,"0.00","0.01","0.01","1.03",NA,NA,NA,0.3
648,"Ethan","Wheatley","Man Utd","Forward",4.5,0,0,1.5,0,0,0,0,0,0,0,0,0,0,0,0,"0.00","0.00","0.00","0.00",NA,NA,NA,0
652,"Manuel","Ugarte","Man Utd","Midfielder",5,2,0,0.1,0,0,31,0,0,0,0,0,0,0,0,0,"0.00","0.00","0.00","0.14",NA,NA,NA,1
390,"Alex","Murphy","Newcastle","Defender",4,0,0,1,0,0,0,0,0,0,0,0,0,0,0,0,"0.00","0.00","0.00","0.00",NA,NA,NA,0
391,"Miguel","Almirón Rejala","Newcastle","Midfielder",5.7,2,0,0.5,0,0,2,0,0,0,0,0,0,0,0,0,"0.00","0.00","0.00","0.08",NA,NA,NA,0.3
392,"Harvey","Barnes","Newcastle","Midfielder",6.5,33,8,3.3,3,1,247,0,4,0,0,0,0,0,0,2,"1.02","0.66","1.68","5.16",NA,NA,NA,9
393,"Sven","Botman","Newcastle","Defender",4.4,0,0,0,0,0,0,0,0,0,0,0,0,0,0,0,"0.00","0.00","0.00","0.00",NA,NA,NA,0
394,"Bruno","Guimarães Rodriguez Moura","Newcastle","Midfielder",6.3,15,2,2.2,0,1,446,1,6,0,0,0,1,0,0,5,"0.18","0.38","0.56","8.42",4,NA,NA,3.3
395,"Dan","Burn","Newcastle","Defender",4.5,8,0,11.6,0,0,450,1,6,1,0,0,3,0,0,5,"0.34","0.09","0.43","8.54",NA,NA,NA,0.7
396,"Martin","Dúbravka","Newcastle","Goalkeeper",4.3,0,0,0.7,0,0,0,0,0,0,0,0,0,0,0,0,"0.00","0.00","0.00","0.00",NA,NA,NA,0
398,"Anthony","Gordon","Newcastle","Midfielder",7.3,19,3,12.4,1,0,419,1,5,0,0,0,0,0,0,5,"1.22","0.97","2.19","7.56",2,NA,3,2
399,"Lewis","Hall","Newcastle","Defender",4.4,10,0,2.3,0,0,247,1,2,0,0,0,1,0,0,2,"0.00","0.18","0.18","4.02",3,NA,NA,1.3
400,"Isaac","Hayden","Newcastle","Midfielder",4.5,0,0,0.1,0,0,0,0,0,0,0,0,0,0,0,0,"0.00","0.00","0.00","0.00",NA,NA,NA,0
401,"Alexander","Isak","Newcastle","Forward",8.3,19,3,24.9,1,1,405,1,6,0,0,0,0,0,0,5,"1.41","0.30","1.71","8.18",NA,NA,2,4
402,"Jacob","Murphy","Newcastle","Midfielder",5.2,11,0,0.6,0,2,250,0,3,0,0,0,1,0,0,3,"0.22","0.98","1.20","3.63",NA,NA,NA,3
403,"Joelinton Cássio","Apolinário de Lira","Newcastle","Midfielder",6,15,3,1.9,1,0,388,1,5,0,0,0,3,0,0,5,"0.39","0.08","0.47","7.58",NA,NA,NA,1
404,"Lloyd","Kelly","Newcastle","Defender",4.5,8,0,0.2,0,1,203,0,4,0,0,0,1,0,0,3,"0.19","0.10","0.29","4.64",NA,NA,NA,1.7
405,"Emil","Krafth","Newcastle","Defender",4.5,10,0,0.2,0,0,240,1,2,0,0,0,0,0,0,2,"0.04","0.03","0.07","5.07",NA,NA,NA,0.7
406,"Garang","Kuol","Newcastle","Midfielder",4.5,0,0,0,0,0,0,0,0,0,0,0,0,0,0,0,"0.00","0.00","0.00","0.00",NA,NA,NA,0
407,"Jamaal","Lascelles","Newcastle","Defender",4.5,0,0,0,0,0,0,0,0,0,0,0,0,0,0,0,"0.00","0.00","0.00","0.00",NA,NA,NA,0
408,"Jamal","Lewis","Newcastle","Defender",4,0,0,0.3,0,0,0,0,0,0,0,0,0,0,0,0,"0.00","0.00","0.00","0.00",NA,NA,NA,0
409,"Tino","Livramento","Newcastle","Defender",4.5,13,1,2.6,0,0,316,1,4,0,0,0,0,0,0,4,"0.00","0.01","0.01","5.63",NA,NA,NA,1.7
410,"Sean","Longstaff","Newcastle","Midfielder",4.8,7,0,0.7,0,0,271,1,3,0,0,0,1,0,0,4,"0.00","0.03","0.03","5.20",NA,NA,NA,0.7
411,"Lewis","Miley","Newcastle","Midfielder",5,0,0,0,0,0,0,0,0,0,0,0,0,0,0,0,"0.00","0.00","0.00","0.00",NA,NA,NA,0
412,"Odysseas","Vlachodimos","Newcastle","Goalkeeper",4.4,0,0,0.1,0,0,0,0,0,0,0,0,0,0,0,0,"0.00","0.00","0.00","0.00",NA,NA,NA,0
413,"Nick","Pope","Newcastle","Goalkeeper",5,22,2,8.2,0,0,450,1,6,0,0,0,0,0,24,5,"0.00","0.00","0.00","8.54",NA,NA,NA,3.3
414,"John","Ruddy","Newcastle","Goalkeeper",4,0,0,0.3,0,0,0,0,0,0,0,0,0,0,0,0,"0.00","0.00","0.00","0.00",NA,NA,NA,0
415,"Fabian","Schär","Newcastle","Defender",5.4,7,0,1.1,1,0,207,0,4,0,0,0,0,1,0,3,"0.54","0.21","0.75","3.48",NA,2,NA,3
416,"Matt","Targett","Newcastle","Defender",4,0,0,0.5,0,0,0,0,0,0,0,0,0,0,0,0,"0.00","0.00","0.00","0.00",NA,NA,NA,0
417,"Sandro","Tonali","Newcastle","Midfielder",5.5,3,0,0.3,0,0,83,0,1,0,0,0,0,0,0,0,"0.48","0.12","0.60","1.24",NA,NA,NA,1
418,"Kieran","Trippier","Newcastle","Defender",5.7,3,0,5.9,0,0,131,0,2,0,0,0,0,0,0,1,"0.00","0.06","0.06","2.91",1,1,NA,0.7
419,"Joe","White","Newcastle","Midfielder",4.5,0,0,0.2,0,0,0,0,0,0,0,0,0,0,0,0,"0.00","0.00","0.00","0.00",NA,NA,NA,0
420,"Joe","Willock","Newcastle","Midfielder",4.8,6,0,0.2,0,1,110,0,2,0,0,0,0,0,0,1,"0.16","0.11","0.27","2.07",NA,NA,NA,1.7
421,"Callum","Wilson","Newcastle","Forward",6.9,0,0,0,0,0,0,0,0,0,0,0,0,0,0,0,"0.00","0.00","0.00","0.00",NA,NA,1,0
574,"Miodrag","Pivaš","Newcastle","Defender",4,0,0,0.1,0,0,0,0,0,0,0,0,0,0,0,0,"0.00","0.00","0.00","0.00",NA,NA,NA,0
590,"William","Osula","Newcastle","Forward",5,1,0,0.2,0,0,7,0,1,0,0,0,0,0,0,0,"0.00","0.00","0.00","0.47",NA,NA,NA,0.3
26,"Álex","Moreno Lopera","Nott'm Forest","Defender",4.4,6,1,0.6,0,0,124,1,2,0,0,0,1,0,0,2,"0.00","0.01","0.01","1.24",NA,NA,NA,2
422,"Ola","Aina","Nott'm Forest","Defender",4.5,20,5,5.8,0,0,413,2,3,0,0,0,1,0,0,5,"0.03","0.23","0.26","3.31",NA,NA,NA,3.3
423,"Elliot","Anderson","Nott'm Forest","Midfielder",5,14,2,0.2,0,1,300,2,4,0,0,0,1,0,0,4,"0.10","0.12","0.22","3.07",2,NA,NA,3.3
424,"Taiwo","Awoniyi","Nott'm Forest","Forward",5.7,3,0,0.4,0,0,34,0,1,0,0,0,0,0,0,0,"0.12","0.03","0.15","0.60",NA,NA,NA,0.3
425,"Willy","Boly","Nott'm Forest","Defender",4.4,3,0,0.2,0,0,91,0,1,0,0,0,0,0,0,1,"0.07","0.00","0.07","1.22",NA,NA,NA,0
426,"Josh","Bowler","Nott'm Forest","Midfielder",4.5,0,0,0,0,0,0,0,0,0,0,0,0,0,0,0,"0.00","0.00","0.00","0.00",NA,NA,NA,0
427,"Carlos Miguel","dos Santos Pereira","Nott'm Forest","Goalkeeper",4.3,0,0,0.2,0,0,0,0,0,0,0,0,0,0,0,0,"0.00","0.00","0.00","0.00",NA,NA,NA,0
428,"Eric","da Silva Moreira","Nott'm Forest","Midfielder",4.5,0,0,0.1,0,0,0,0,0,0,0,0,0,0,0,0,"0.00","0.00","0.00","0.00",NA,NA,NA,0
429,"Danilo","dos Santos de Oliveira","Nott'm Forest","Midfielder",4.8,1,0,0,0,0,14,0,0,0,0,0,0,0,0,1,"0.00","0.00","0.00","0.28",NA,NA,NA,0
430,"Emmanuel","Dennis","Nott'm Forest","Forward",4.9,0,0,0.3,0,0,0,0,0,0,0,0,0,0,0,0,"0.00","0.00","0.00","0.00",NA,NA,NA,0
431,"Nicolás","Domínguez","Nott'm Forest","Midfielder",4.9,2,0,0,0,0,104,0,1,0,0,0,1,0,0,1,"0.12","0.10","0.22","1.41",NA,NA,NA,0.3
432,"Anthony","Elanga","Nott'm Forest","Midfielder",5.3,10,0,1.1,0,1,307,1,3,0,0,0,1,0,0,4,"0.49","0.47","0.96","2.01",1,NA,NA,2
433,"Morgan","Gibbs-White","Nott'm Forest","Midfielder",6.4,15,2,2.5,1,0,432,2,4,0,0,0,1,1,0,5,"0.79","0.87","1.66","3.84",NA,1,2,1
434,"Callum","Hudson-Odoi","Nott'm Forest","Midfielder",5.4,19,1,2.5,1,1,366,2,3,0,0,0,1,0,0,4,"0.44","0.64","1.08","2.62",4,NA,NA,4.3
435,"Alex","Mighten","Nott'm Forest","Midfielder",4.5,0,0,0,0,0,0,0,0,0,0,0,0,0,0,0,"0.00","0.00","0.00","0.00",NA,NA,NA,0
436,"Murillo","Santiago Costa dos Santos","Nott'm Forest","Defender",4.5,18,1,0.8,0,0,450,2,4,0,0,0,0,0,0,5,"0.00","0.13","0.13","3.98",NA,NA,NA,3
437,"Neco","Williams","Nott'm Forest","Defender",4.5,10,0,0.6,0,0,325,1,2,0,0,0,2,0,0,3,"0.43","0.18","0.61","2.74",NA,3,NA,1
438,"Omar","Richards","Nott'm Forest","Defender",4.5,0,0,0,0,0,0,0,0,0,0,0,0,0,0,0,"0.00","0.00","0.00","0.00",NA,NA,NA,0
439,"Lewis","O'Brien","Nott'm Forest","Midfielder",5,0,0,0,0,0,0,0,0,0,0,0,0,0,0,0,"0.00","0.00","0.00","0.00",NA,NA,NA,0
440,"Andrew","Omobamidele","Nott'm Forest","Defender",4.4,0,0,0.1,0,0,0,0,0,0,0,0,0,0,0,0,"0.00","0.00","0.00","0.00",NA,NA,NA,0
441,"Jonathan","Panzo","Nott'm Forest","Defender",4,0,0,0,0,0,0,0,0,0,0,0,0,0,0,0,"0.00","0.00","0.00","0.00",NA,NA,NA,0
442,"Ibrahim","Sangaré","Nott'm Forest","Midfielder",4.5,4,0,1.7,0,0,212,1,2,0,0,0,2,0,0,3,"0.02","0.06","0.08","1.98",NA,NA,NA,0
443,"Matz","Sels","Nott'm Forest","Goalkeeper",4.5,21,3,2.6,0,0,450,2,4,0,0,0,1,0,11,5,"0.00","0.00","0.00","3.98",NA,NA,NA,4
444,"Harry","Toffolo","Nott'm Forest","Defender",4.4,1,0,0.1,0,0,36,0,1,0,0,0,0,0,0,0,"0.02","0.01","0.03","0.67",3,NA,NA,0
446,"Hwang","Ui-jo","Nott'm Forest","Forward",4.5,0,0,2.4,0,0,0,0,0,0,0,0,0,0,0,0,"0.00","0.00","0.00","0.00",NA,NA,NA,0
447,"Chris","Wood","Nott'm Forest","Forward",6.1,29,8,9.4,3,0,386,3,3,0,0,0,1,0,0,5,"2.34","0.13","2.47","3.23",NA,NA,1,6.3
448,"Joe","Worrall","Nott'm Forest","Defender",4.5,0,0,0,0,0,0,0,0,0,0,0,0,0,0,0,"0.00","0.00","0.00","0.00",NA,NA,NA,0
449,"Ryan","Yates","Nott'm Forest","Midfielder",5,12,2,0.2,0,1,266,1,1,0,0,0,1,0,0,1,"0.26","0.05","0.31","2.55",NA,NA,NA,1.3
531,"James","Ward-Prowse","Nott'm Forest","Midfielder",6.3,5,0,0.9,0,0,151,1,3,0,0,0,0,0,0,2,"0.00","0.08","0.08","1.60",NA,NA,NA,1.3
573,"Nikola","Milenković","Nott'm Forest","Defender",4.5,15,0,0.3,0,0,360,2,3,0,0,0,0,0,0,4,"0.98","0.02","1.00","2.76",NA,NA,NA,3
596,"João Pedro","Ferreira Silva","Nott'm Forest","Midfielder",5.9,6,0,0.1,0,1,56,0,0,0,0,0,1,0,0,0,"0.00","0.27","0.27","0.65",NA,NA,NA,1.7
620,"Ramón","Sosa","Nott'm Forest","Midfielder",5.5,7,0,0,1,0,41,0,0,0,0,0,0,0,0,0,"0.65","0.06","0.71","0.10",NA,NA,NA,2.3
653,"Felipe","Rodrigues da Silva","Nott'm Forest","Defender",4.5,2,0,0,0,0,27,0,0,0,0,0,0,0,0,0,"0.00","0.00","0.00","0.16",NA,NA,NA,1
14,"Aaron","Ramsdale","Southampton","Goalkeeper",4.4,8,0,2.1,0,0,270,0,7,0,0,0,0,0,16,3,"0.00","0.00","0.00","7.14",NA,NA,NA,2.7
27,"Cameron","Archer","Southampton","Forward",5,4,0,1.7,0,0,201,0,4,0,0,1,0,0,0,2,"2.28","0.03","2.31","5.05",NA,NA,2,0.7
188,"Lesley","Ugochukwu","Southampton","Midfielder",4.5,3,0,0.4,0,0,94,0,3,0,0,0,0,0,0,1,"0.21","0.01","0.22","2.46",NA,NA,NA,1
397,"Ryan","Fraser","Southampton","Midfielder",4.9,2,0,0,0,0,84,0,1,0,0,0,0,0,0,1,"0.00","0.00","0.00","1.90",NA,NA,NA,0.7
450,"Carlos","Alcaraz Durán","Southampton","Midfielder",4.9,1,0,0,0,0,9,0,0,0,0,0,0,0,0,0,"0.07","0.03","0.10","0.00",NA,NA,NA,0
451,"Samuel","Amo-Ameyaw","Southampton","Midfielder",4.5,1,0,0.1,0,0,9,0,0,0,0,0,0,0,0,0,"0.02","0.13","0.15","0.00",NA,NA,NA,0
452,"Joe","Aribo","Southampton","Midfielder",4.9,7,0,0.1,0,0,226,0,6,0,0,0,0,0,0,3,"0.53","0.49","1.02","5.65",NA,NA,NA,1
453,"Adam","Armstrong","Southampton","Forward",5.4,5,0,0.9,0,0,213,0,4,0,0,0,1,0,0,3,"0.78","0.14","0.92","3.91",NA,NA,1,0.7
454,"Gavin","Bazunu","Southampton","Goalkeeper",4.4,0,0,0.1,0,0,0,0,0,0,0,0,0,0,0,0,"0.00","0.00","0.00","0.00",NA,NA,NA,0
455,"Jan","Bednarek","Southampton","Defender",4,7,0,3.4,0,0,440,0,9,0,0,0,1,0,0,5,"0.00","0.07","0.07","9.84",NA,NA,NA,1.3
456,"Armel","Bella-Kotchap","Southampton","Defender",4,0,0,0.3,0,0,0,0,0,0,0,0,0,0,0,0,"0.00","0.00","0.00","0.00",NA,NA,NA,0
457,"James","Bree","Southampton","Defender",4,0,0,0.2,0,0,0,0,0,0,0,0,0,0,0,0,"0.00","0.00","0.00","0.00",3,NA,NA,0
458,"Shea","Charles","Southampton","Midfielder",4.5,0,0,0,0,0,0,0,0,0,0,0,0,0,0,0,"0.00","0.00","0.00","0.00",NA,NA,NA,0
459,"Samuel","Edozie","Southampton","Midfielder",4.9,1,0,0,0,0,64,0,0,0,0,0,1,0,0,0,"0.00","0.15","0.15","0.31",NA,NA,NA,0
460,"Ronnie","Edwards","Southampton","Defender",4,0,0,0.2,0,0,0,0,0,0,0,0,0,0,0,0,"0.00","0.00","0.00","0.00",NA,NA,NA,0
461,"Taylor","Harwood-Bellis","Southampton","Defender",4,6,0,10.1,0,0,319,0,5,0,0,0,2,0,0,4,"0.07","0.08","0.15","6.18",NA,NA,NA,1
462,"Kamaldeen","Sulemana","Southampton","Midfielder",5,0,0,0,0,0,0,0,0,0,0,0,0,0,0,0,"0.00","0.00","0.00","0.00",NA,NA,NA,0
463,"Adam","Lallana","Southampton","Midfielder",5,9,1,0,0,2,93,0,1,0,0,0,1,0,0,1,"0.10","0.11","0.21","2.09",NA,NA,NA,3
464,"Juan","Larios López","Southampton","Defender",4,0,0,0.1,0,0,0,0,0,0,0,0,0,0,0,0,"0.00","0.00","0.00","0.00",NA,NA,NA,0
465,"Mateusz","Lis","Southampton","Goalkeeper",4,0,0,0.2,0,0,0,0,0,0,0,0,0,0,0,0,"0.00","0.00","0.00","0.00",NA,NA,NA,0
466,"Joe","Lumley","Southampton","Goalkeeper",4,0,0,0.3,0,0,0,0,0,0,0,0,0,0,0,0,"0.00","0.00","0.00","0.00",NA,NA,NA,0
467,"Ryan","Manning","Southampton","Defender",4.4,0,0,0.1,0,0,0,0,0,0,0,0,0,0,0,0,"0.00","0.00","0.00","0.00",1,NA,NA,0
468,"Sékou","Mara","Southampton","Forward",5,0,0,0,0,0,0,0,0,0,0,0,0,0,0,0,"0.00","0.00","0.00","0.00",NA,NA,NA,0
469,"Alex","McCarthy","Southampton","Goalkeeper",4.5,6,0,0.2,0,0,180,0,2,0,0,0,0,0,7,2,"0.00","0.00","0.00","2.70",NA,NA,NA,0
470,"Paul","Onuachu","Southampton","Forward",4.9,0,0,0.1,0,0,0,0,0,0,0,0,0,0,0,0,"0.00","0.00","0.00","0.00",NA,NA,NA,0
471,"Will","Smallbone","Southampton","Midfielder",5,5,0,0,0,0,218,0,3,0,0,0,0,0,0,3,"0.31","0.54","0.85","3.67",2,1,NA,0.3
472,"Jack","Stephens","Southampton","Defender",4,2,0,0.7,0,0,348,0,8,0,0,0,1,1,0,4,"0.23","0.10","0.33","7.38",NA,NA,NA,-0.3
473,"Ross","Stewart","Southampton","Forward",4.5,1,0,3.1,0,0,59,0,2,0,0,0,1,0,0,0,"0.04","0.01","0.05","1.43",NA,NA,NA,0.3
474,"Sugawara","Yukinari","Southampton","Defender",4.5,13,0,0.3,1,0,386,0,9,0,0,0,0,0,0,5,"0.24","0.82","1.06","9.53",NA,NA,NA,3.3
475,"Charlie","Taylor","Southampton","Defender",4,2,0,4.2,0,0,104,0,1,0,0,0,1,0,0,1,"0.00","0.01","0.01","1.88",NA,NA,NA,0.3
476,"Kyle","Walker-Peters","Southampton","Defender",4.5,6,0,0.4,0,0,350,0,8,0,0,0,0,0,0,4,"0.20","0.17","0.37","8.15",NA,NA,NA,0.7
477,"Nathan","Wood-Gordon","Southampton","Defender",4,0,0,1.5,0,0,0,0,0,0,0,0,0,0,0,0,"0.00","0.00","0.00","0.00",NA,NA,NA,0
515,"Maxwel","Cornet","Southampton","Midfielder",4.9,0,0,0,0,0,26,0,1,0,0,0,1,0,0,0,"0.00","0.00","0.00","0.82",NA,NA,NA,0
518,"Flynn","Downes","Southampton","Midfielder",4.9,8,0,0.1,0,0,450,0,9,0,0,0,2,0,0,5,"0.22","0.77","0.99","9.84",NA,NA,NA,1.7
584,"Ben","Brereton Díaz","Southampton","Midfielder",5.3,8,0,0.4,0,0,344,0,8,0,0,0,1,0,0,4,"0.75","0.13","0.88","7.94",NA,NA,NA,1.7
608,"Tyler","Dibling","Southampton","Midfielder",4.5,16,3,1.7,1,0,203,1,4,0,0,0,0,0,0,2,"0.80","0.40","1.20","4.56",NA,NA,NA,4.7
623,"Mateus Gonçalo","Espanha Fernandes","Southampton","Midfielder",5,7,0,0,0,0,229,1,4,0,0,0,0,0,0,2,"0.28","0.33","0.61","5.04",NA,NA,NA,2
82,"Dominic","Solanke-Mitchell","Spurs","Forward",7.5,10,0,8.2,1,0,267,0,3,0,0,0,0,0,0,3,"2.12","0.25","2.37","2.55",NA,NA,NA,2.7
478,"Ashley","Phillips","Spurs","Defender",4,0,0,0.3,0,0,0,0,0,0,0,0,0,0,0,0,"0.00","0.00","0.00","0.00",NA,NA,NA,0
479,"Brandon","Austin","Spurs","Goalkeeper",4,0,0,0.5,0,0,0,0,0,0,0,0,0,0,0,0,"0.00","0.00","0.00","0.00",NA,NA,NA,0
480,"Rodrigo","Bentancur","Spurs","Midfielder",5,4,0,0.2,0,0,214,0,3,0,0,0,3,0,0,3,"0.35","0.12","0.47","2.37",NA,NA,NA,1
481,"Lucas","Bergvall","Spurs","Midfielder",4.5,4,0,1,0,0,33,0,0,0,0,0,0,0,0,0,"0.06","0.17","0.23","0.12",4,NA,NA,0.7
482,"Yves","Bissouma","Spurs","Midfielder",4.9,10,1,0.4,1,0,179,1,2,0,0,0,2,0,0,2,"0.10","0.13","0.23","2.63",NA,4,NA,0.3
483,"Bryan","Gil Salvatierra","Spurs","Midfielder",5,0,0,0,0,0,0,0,0,0,0,0,0,0,0,0,"0.00","0.00","0.00","0.00",NA,NA,NA,0
484,"Ben","Davies","Spurs","Defender",4.4,0,0,0.2,0,0,0,0,0,0,0,0,0,0,0,0,"0.00","0.00","0.00","0.00",NA,NA,NA,0
485,"Alfie","Devine","Spurs","Midfielder",4.5,0,0,0.1,0,0,0,0,0,0,0,0,0,0,0,0,"0.00","0.00","0.00","0.00",NA,NA,NA,0
486,"Radu","Drăgușin","Spurs","Defender",4.4,1,0,0.2,0,0,90,0,2,0,0,0,0,0,0,1,"0.02","0.01","0.03","1.57",NA,NA,NA,0.3
487,"Emerson","Leite de Souza Junior","Spurs","Defender",4.5,0,0,0,0,0,0,0,0,0,0,0,0,0,0,0,"0.00","0.00","0.00","0.00",NA,NA,NA,0
488,"Fraser","Forster","Spurs","Goalkeeper",4.4,0,0,0.2,0,0,0,0,0,0,0,0,0,0,0,0,"0.00","0.00","0.00","0.00",NA,NA,NA,0
489,"Archie","Gray","Spurs","Midfielder",4.8,3,0,0.2,0,0,32,0,0,0,0,0,0,0,0,0,"0.00","0.01","0.01","0.12",NA,NA,NA,0.3
490,"Pierre-Emile","Højbjerg","Spurs","Midfielder",5,0,0,0,0,0,0,0,0,0,0,0,0,0,0,0,"0.00","0.00","0.00","0.00",NA,NA,NA,0
491,"Brennan","Johnson","Spurs","Midfielder",6.4,18,0,0.6,1,1,348,1,4,0,0,0,0,0,0,4,"1.43","0.30","1.73","4.51",NA,NA,NA,4.3
492,"Dejan","Kulusevski","Spurs","Midfielder",6.3,12,0,1.4,0,1,347,1,4,0,0,0,1,0,0,4,"0.62","0.61","1.23","4.22",3,NA,NA,1.7
493,"Giovani","Lo Celso","Spurs","Midfielder",4.9,0,0,0,0,0,0,0,0,0,0,0,0,0,0,0,"0.00","0.00","0.00","0.00",NA,NA,NA,0
494,"James","Maddison","Spurs","Midfielder",7.5,26,3,4.6,1,3,403,1,5,0,0,0,2,0,0,5,"1.42","2.86","4.28","5.00",1,2,2,5
495,"Pedro","Porro","Spurs","Defender",5.6,20,1,31.6,1,0,447,1,5,0,0,0,0,0,0,5,"0.39","0.70","1.09","5.06",NA,1,NA,1.7
496,"Sergio","Reguilón","Spurs","Defender",4.3,0,0,0.2,0,0,0,0,0,0,0,0,0,0,0,0,"0.00","0.00","0.00","0.00",NA,NA,NA,0
497,"Richarlison","de Andrade","Spurs","Forward",6.9,2,0,0.4,0,0,25,0,0,0,0,0,0,0,0,0,"0.19","0.00","0.19","0.06",NA,NA,2,0
498,"Cristian","Romero","Spurs","Defender",5.1,21,2,10.1,1,0,450,1,5,0,0,0,0,0,0,5,"0.73","0.41","1.14","5.12",NA,NA,NA,1.7
499,"Pape Matar","Sarr","Spurs","Midfielder",4.9,5,0,0.2,0,0,187,0,2,0,0,0,1,0,0,2,"0.13","0.15","0.28","1.39",NA,NA,NA,0.7
500,"Dane","Scarlett","Spurs","Forward",4.5,0,0,0.1,0,0,0,0,0,0,0,0,0,0,0,0,"0.00","0.00","0.00","0.00",NA,NA,NA,0
502,"Manor","Solomon","Spurs","Midfielder",5.4,0,0,0,0,0,0,0,0,0,0,0,0,0,0,0,"0.00","0.00","0.00","0.00",NA,NA,NA,0
503,"Son","Heung-min","Spurs","Midfielder",10,33,6,8.5,2,2,450,1,5,0,0,0,0,0,0,5,"1.38","1.11","2.49","5.06",NA,NA,1,5
504,"Djed","Spence","Spurs","Defender",4.4,2,0,0.1,0,0,18,0,0,0,0,0,0,0,0,0,"0.00","0.00","0.00","0.06",NA,NA,NA,0
505,"Destiny","Udogie","Spurs","Defender",5,12,0,3.2,0,0,432,1,5,0,0,0,1,0,0,5,"0.05","0.16","0.21","5.12",NA,NA,NA,1.3
506,"Micky","van de Ven","Spurs","Defender",4.5,13,0,7,0,1,360,1,3,0,0,0,2,0,0,4,"0.02","0.09","0.11","3.55",NA,NA,NA,0.7
507,"Alejo","Véliz","Spurs","Forward",5,0,0,0,0,0,0,0,0,0,0,0,0,0,0,0,"0.00","0.00","0.00","0.00",NA,NA,NA,0
508,"Guglielmo","Vicario","Spurs","Goalkeeper",5,14,0,3.6,0,0,450,1,5,0,0,0,1,0,12,5,"0.00","0.00","0.00","5.12",NA,NA,NA,2
509,"Timo","Werner","Spurs","Midfielder",6.3,3,0,0.2,0,0,38,0,1,0,0,0,0,0,0,0,"0.00","0.04","0.04","1.06",NA,NA,NA,0.7
510,"Alfie","Whiteman","Spurs","Goalkeeper",4,0,0,1.6,0,0,0,0,0,0,0,0,0,0,0,0,"0.00","0.00","0.00","0.00",NA,NA,NA,0
609,"Will","Lankshear","Spurs","Forward",4.5,0,0,1.2,0,0,0,0,0,0,0,0,0,0,0,0,"0.00","0.00","0.00","0.00",NA,NA,NA,0
610,"Mikey","Moore","Spurs","Midfielder",4.5,1,0,0.3,0,0,2,0,0,0,0,0,0,0,0,0,"0.00","0.00","0.00","0.00",NA,NA,NA,0.3
612,"Wilson","Odobert","Spurs","Midfielder",5.4,6,0,0,0,0,160,1,1,0,0,0,0,0,0,2,"0.42","0.08","0.50","1.63",NA,NA,NA,1
388,"Aaron","Wan-Bissaka","West Ham","Defender",4.5,5,0,1.8,0,0,298,0,7,0,0,0,0,0,0,3,"0.00","0.37","0.37","7.29",NA,NA,NA,1.3
511,"Edson","Álvarez Velázquez","West Ham","Midfielder",5,4,0,0.1,0,0,222,0,6,0,0,0,2,0,0,3,"0.02","0.25","0.27","4.85",NA,NA,NA,1
512,"Michail","Antonio","West Ham","Forward",5.4,7,0,1.3,0,0,284,1,4,0,0,0,1,0,0,4,"0.97","0.02","0.99","6.56",NA,NA,NA,1
513,"Alphonse","Areola","West Ham","Goalkeeper",4.5,12,0,7.5,0,0,405,1,8,0,0,0,0,0,12,5,"0.00","0.00","0.00","8.82",NA,NA,NA,1.7
514,"Jarrod","Bowen","West Ham","Midfielder",7.5,22,0,6,1,2,427,1,8,0,0,0,0,0,0,5,"0.58","0.74","1.32","9.62",2,NA,4,4
516,"Vladimír","Coufal","West Ham","Defender",4.5,9,0,0.7,0,0,198,1,3,0,0,0,0,0,0,2,"0.02","0.10","0.12","4.19",NA,NA,NA,0.7
517,"Aaron","Cresswell","West Ham","Defender",4,2,0,1.8,0,0,18,0,0,0,0,0,0,0,0,0,"0.00","0.01","0.01","0.71",3,NA,NA,0.3
519,"George","Earthy","West Ham","Midfielder",4.5,0,0,0,0,0,0,0,0,0,0,0,0,0,0,0,"0.00","0.00","0.00","0.00",NA,NA,NA,0
520,"Emerson","Palmieri dos Santos","West Ham","Defender",4.4,9,0,0.6,0,0,376,1,8,0,0,0,1,0,0,5,"0.04","0.30","0.34","7.96",NA,NA,NA,0.7
521,"Łukasz","Fabiański","West Ham","Goalkeeper",4,1,0,16.1,0,0,45,0,1,0,0,0,0,0,2,0,"0.00","0.00","0.00","1.29",NA,NA,NA,0.3
522,"Wes","Foderingham","West Ham","Goalkeeper",4.4,0,0,0.2,0,0,0,0,0,0,0,0,0,0,0,0,"0.00","0.00","0.00","0.00",NA,NA,NA,0
523,"Danny","Ings","West Ham","Forward",5,9,3,2,1,0,13,0,0,0,0,0,0,0,0,0,"0.50","0.00","0.50","0.24",NA,NA,NA,2.7
524,"Max","Kilman","West Ham","Defender",4.5,15,3,2.8,0,1,450,1,9,0,0,0,2,0,0,5,"0.28","0.10","0.38","10.11",NA,NA,NA,0.7
525,"Mohammed","Kudus","West Ham","Midfielder",6.3,11,0,4.8,0,0,447,1,9,0,0,0,0,0,0,5,"0.49","0.74","1.23","10.08",NA,NA,NA,2
526,"Luis Guilherme","Lira dos Santos","West Ham","Midfielder",4.8,0,0,0,0,0,0,0,0,0,0,0,0,0,0,0,"0.00","0.00","0.00","0.00",NA,NA,NA,0
527,"Lucas","Tolentino Coelho de Lima","West Ham","Midfielder",6,14,0,1.8,1,0,369,1,7,0,0,0,1,0,0,4,"1.02","0.26","1.28","8.38",NA,1,1,1.7
528,"Konstantinos","Mavropanos","West Ham","Defender",4.5,13,2,0.2,0,0,450,1,9,0,0,0,0,0,0,5,"0.23","0.02","0.25","10.11",NA,NA,NA,1.3
529,"Nayef","Aguerd","West Ham","Defender",4.4,0,0,0.1,0,0,0,0,0,0,0,0,0,0,0,0,"0.00","0.00","0.00","0.00",NA,NA,NA,0
530,"Tomáš","Souček","West Ham","Midfielder",5,15,1,2.7,1,1,277,1,5,0,0,0,2,0,0,3,"1.51","0.43","1.94","6.15",NA,NA,NA,0.7
532,"Kurt","Zouma","West Ham","Defender",4.4,0,0,0.2,0,0,0,0,0,0,0,0,0,0,0,0,"0.00","0.00","0.00","0.00",NA,NA,NA,0
576,"Andy","Irving","West Ham","Midfielder",4.9,1,0,0,0,0,18,0,0,0,0,0,0,0,0,0,"0.04","0.00","0.04","0.68",NA,NA,NA,0.3
587,"Crysencio","Summerville","West Ham","Midfielder",5.8,4,0,0.5,0,0,119,0,4,0,0,0,0,0,0,1,"0.06","0.19","0.25","2.45",NA,NA,NA,1
588,"Guido","Rodríguez","West Ham","Midfielder",5,8,0,0.1,0,0,370,1,8,0,0,0,2,0,0,5,"0.05","0.05","0.10","8.10",NA,NA,NA,1
589,"Niclas","Füllkrug","West Ham","Forward",6.7,3,0,1.3,0,0,63,0,2,0,0,0,0,0,0,0,"0.25","0.09","0.34","1.59",NA,NA,NA,0.3
591,"Jean-Clair","Todibo","West Ham","Defender",4.4,2,0,0.3,0,0,7,0,0,0,0,0,0,0,0,0,"0.00","0.00","0.00","0.10",NA,NA,NA,0
643,"Kaelan","Casey","West Ham","Defender",4,0,0,0.2,0,0,0,0,0,0,0,0,0,0,0,0,"0.00","0.00","0.00","0.00",NA,NA,NA,0
654,"Carlos","Soler","West Ham","Midfielder",5,0,0,0,0,0,56,0,0,0,0,0,2,0,0,0,"0.09","0.01","0.10","1.67",NA,NA,NA,0
204,"Sam","Johnstone","Wolves","Goalkeeper",4.4,6,0,0.5,0,0,270,0,6,0,0,0,0,0,8,3,"0.00","0.00","0.00","3.98",NA,NA,NA,2
533,"Rayan","Aït-Nouri","Wolves","Defender",4.4,4,0,1.8,0,1,384,0,13,0,0,0,3,0,0,5,"0.55","0.25","0.80","5.40",NA,NA,NA,0.3
534,"Boubacar","Traoré","Wolves","Midfielder",4.9,0,0,0,0,0,0,0,0,0,0,0,0,0,0,0,"0.00","0.00","0.00","0.00",NA,NA,NA,0
535,"Jean-Ricner","Bellegarde","Wolves","Midfielder",5,15,0,0.1,1,0,337,2,7,0,0,0,1,0,0,5,"0.21","0.21","0.42","4.08",NA,1,NA,4
536,"Daniel","Bentley","Wolves","Goalkeeper",4,0,0,1.9,0,0,0,0,0,0,0,0,0,0,0,0,"0.00","0.00","0.00","0.00",NA,NA,NA,0
537,"Francisco Jorge","Tomás Oliveira","Wolves","Midfielder",4.5,1,0,0.1,0,0,6,0,0,0,0,0,0,0,0,0,"0.00","0.05","0.05","0.00",NA,NA,NA,0
538,"Tawanda","Chirewa","Wolves","Midfielder",4.5,0,0,0,0,0,0,0,0,0,0,0,0,0,0,0,"0.00","0.00","0.00","0.00",NA,NA,NA,0
539,"Leon","Chiwome","Wolves","Forward",4.5,0,0,1.4,0,0,0,0,0,0,0,0,0,0,0,0,"0.00","0.00","0.00","0.00",NA,NA,NA,0
540,"Luke","Cundle","Wolves","Midfielder",4.5,0,0,0.3,0,0,0,0,0,0,0,0,0,0,0,0,"0.00","0.00","0.00","0.00",NA,NA,NA,0
541,"Matheus","Santos Carneiro Da Cunha","Wolves","Forward",6.5,19,3,2.2,2,0,370,0,12,0,0,0,1,0,0,4,"1.44","0.80","2.24","5.47",NA,3,3,4
542,"Craig","Dawson","Wolves","Defender",4.5,6,0,0.2,0,0,299,0,7,0,0,0,0,0,0,3,"0.07","0.04","0.11","4.30",NA,NA,NA,1.3
543,"Matt","Doherty","Wolves","Defender",4.4,2,0,0.2,0,0,208,0,9,0,0,0,0,0,0,2,"0.08","0.08","0.16","3.61",NA,NA,NA,0.7
544,"Tommy","Doyle","Wolves","Midfielder",4.9,4,0,0,0,0,52,0,3,0,0,0,0,0,0,0,"0.04","0.07","0.11","2.29",2,4,NA,1
545,"Fábio","Silva","Wolves","Forward",5,0,0,0.2,0,0,0,0,0,0,0,0,0,0,0,0,"0.00","0.00","0.00","0.00",NA,NA,NA,0
546,"Nathan","Fraser","Wolves","Forward",4.5,0,0,3,0,0,0,0,0,0,0,0,0,0,0,0,"0.00","0.00","0.00","0.00",NA,NA,NA,0
547,"Enso","González","Wolves","Midfielder",4.5,0,0,0,0,0,0,0,0,0,0,0,0,0,0,0,"0.00","0.00","0.00","0.00",NA,NA,NA,0
548,"Gonçalo Manuel","Ganchinho Guedes","Wolves","Midfielder",5.3,3,0,0.1,0,0,44,0,3,0,0,0,0,0,0,0,"0.00","0.01","0.01","2.33",NA,NA,NA,1
549,"Hugo","Bueno López","Wolves","Defender",4.5,0,0,0,0,0,0,0,0,0,0,0,0,0,0,0,"0.00","0.00","0.00","0.00",NA,NA,NA,0
550,"Hwang","Hee-chan","Wolves","Midfielder",6.2,5,0,0.4,0,0,197,0,8,0,0,0,0,0,0,2,"0.00","0.15","0.15","3.35",NA,NA,1,0.7
551,"Joe","Hodge","Wolves","Midfielder",4.5,0,0,0.3,0,0,0,0,0,0,0,0,0,0,0,0,"0.00","0.00","0.00","0.00",NA,NA,NA,0
552,"Ki-Jana","Hoever","Wolves","Defender",4,0,0,0.2,0,0,0,0,0,0,0,0,0,0,0,0,"0.00","0.00","0.00","0.00",NA,NA,NA,0
553,"João Victor","Gomes da Silva","Wolves","Midfielder",4.9,6,0,0.1,0,0,403,0,12,0,0,0,3,0,0,5,"0.13","0.09","0.22","4.95",NA,NA,NA,1
554,"José","Malheiro de Sá","Wolves","Goalkeeper",4.4,1,0,1.7,0,0,180,0,8,0,0,0,0,0,6,2,"0.00","0.01","0.01","2.80",NA,NA,NA,0
555,"Saša","Kalajdžić","Wolves","Forward",4.9,0,0,0,0,0,0,0,0,0,0,0,0,0,0,0,"0.00","0.00","0.00","0.00",NA,NA,NA,0
556,"Tom","King","Wolves","Goalkeeper",4,0,0,1.6,0,0,0,0,0,0,0,0,0,0,0,0,"0.00","0.00","0.00","0.00",NA,NA,NA,0
557,"Mario","Lemina","Wolves","Midfielder",5,20,4,0.4,1,1,449,0,14,0,0,0,2,0,0,5,"0.70","0.35","1.05","6.78",NA,NA,NA,5.3
558,"Yerson","Mosquera","Wolves","Defender",4,3,0,1.1,0,0,441,0,12,0,0,0,2,0,0,5,"0.33","0.03","0.36","5.63",NA,NA,NA,1.3
559,"Nélson","Cabral Semedo","Wolves","Defender",4.5,3,0,0.1,0,0,240,0,5,0,0,0,2,0,0,3,"0.01","0.14","0.15","3.17",NA,NA,NA,1
561,"Pedro","Cardoso de Lima","Wolves","Defender",4,0,0,1.6,0,0,0,0,0,0,0,0,0,0,0,0,"0.00","0.00","0.00","0.00",NA,NA,NA,0
562,"Daniel","Castelo Podence","Wolves","Midfielder",5.5,2,0,0,0,0,46,0,2,0,0,0,0,0,0,0,"0.04","0.01","0.05","0.70",NA,NA,NA,0
563,"Rodrigo","Martins Gomes","Wolves","Midfielder",5.3,4,0,0.1,0,0,115,0,6,0,0,0,0,0,0,1,"0.06","0.01","0.07","2.78",3,NA,NA,0.3
564,"Santiago","Bueno","Wolves","Defender",4.4,0,0,0.1,0,0,8,0,2,0,0,0,0,0,0,0,"0.00","0.00","0.00","1.15",NA,NA,NA,0
565,"Pablo","Sarabia","Wolves","Midfielder",5.2,2,0,0.1,0,0,28,0,1,0,0,0,0,0,0,0,"0.10","0.02","0.12","0.32",1,2,2,0
566,"Jørgen","Strand Larsen","Wolves","Forward",5.5,17,0,1,1,1,407,1,11,0,0,0,0,0,0,5,"0.84","0.39","1.23","4.65",NA,NA,NA,3
567,"Toti António","Gomes","Wolves","Defender",4.4,3,0,0.2,0,1,270,0,9,0,0,0,2,0,0,3,"0.00","0.24","0.24","3.84",NA,NA,NA,0.3
637,"Bastien","Meupiyou","Wolves","Defender",4,0,0,0.2,0,0,0,0,0,0,0,0,0,0,0,0,"0.00","0.00","0.00","0.00",NA,NA,NA,0
642,"André","Trindade da Costa Neto","Wolves","Midfielder",5,4,0,0,0,0,170,0,4,0,0,0,1,0,0,2,"0.06","0.02","0.08","2.63",NA,NA,NA,1.3
655,"Carlos Roberto","Forbs Borges","Wolves","Midfielder",5.5,1,0,0,0,0,4,0,0,0,0,0,0,0,0,0,"0.00","0.00","0.00","0.38",NA,NA,NA,0.5
